,HITId,HITTypeId,Title,Description,Keywords,Reward,CreationTime,MaxAssignments,RequesterAnnotation,AssignmentDurationInSeconds,AutoApprovalDelayInSeconds,Expiration,NumberOfSimilarHITs,LifetimeInSeconds,AssignmentId,WorkerId,AssignmentStatus,AcceptTime,SubmitTime,AutoApprovalTime,ApprovalTime,RejectionTime,RequesterFeedback,WorkTimeInSeconds,LifetimeApprovalRate,Last30DaysApprovalRate,Last7DaysApprovalRate,Input.url,Answer.topic,Approve,Reject
0,3PIOQ99R7YMQ7IB3L68GXOATMREUNZ,3POY5Z28G54OUWWVXVR7KIJZO3YSY0,"Conversational Search User Study (1$ per Topic, Manually Checked)",Search about a given topic and its subtopics.,"search task, session search",$1.00,Wed Feb 19 06:03:45 PST 2020,14,BatchId:3926170;OriginalHitTemplateId:928390855;,3600,1728000,Wed Feb 26 06:03:45 PST 2020,,,304SM51WA34BEGSVJDD8GBO1QLHBSW,A2VL807897JLT9,Approved,Wed Feb 19 06:03:57 PST 2020,Wed Feb 19 06:26:06 PST 2020,Tue Mar 10 07:26:06 PDT 2020,Tue Feb 25 14:00:24 PST 2020,,,1329,100% (1/1),100% (1/1),100% (1/1),http://ec2-3-9-177-44.eu-west-2.compute.amazonaws.com/mturk,Oxygen,X,
1,3PIOQ99R7YMQ7IB3L68GXOATMREUNZ,3POY5Z28G54OUWWVXVR7KIJZO3YSY0,"Conversational Search User Study (1$ per Topic, Manually Checked)",Search about a given topic and its subtopics.,"search task, session search",$1.00,Wed Feb 19 06:03:45 PST 2020,14,BatchId:3926170;OriginalHitTemplateId:928390855;,3600,1728000,Wed Feb 26 06:03:45 PST 2020,,,30IQTZXKAK6IQABKF7M6V29AEX80XV,A3RQR6LM6CHOMQ,Approved,Wed Feb 19 07:00:31 PST 2020,Wed Feb 19 07:30:29 PST 2020,Tue Mar 10 08:30:29 PDT 2020,Tue Feb 25 14:00:23 PST 2020,,,1798,100% (1/1),100% (1/1),100% (1/1),http://ec2-3-9-177-44.eu-west-2.compute.amazonaws.com/mturk,Economic Inequality,X,
2,3PIOQ99R7YMQ7IB3L68GXOATMREUNZ,3POY5Z28G54OUWWVXVR7KIJZO3YSY0,"Conversational Search User Study (1$ per Topic, Manually Checked)",Search about a given topic and its subtopics.,"search task, session search",$1.00,Wed Feb 19 06:03:45 PST 2020,14,BatchId:3926170;OriginalHitTemplateId:928390855;,3600,1728000,Wed Feb 26 06:03:45 PST 2020,,,39ZSFO5CA8WXBCIBWALPT0P2JOKJUG,A2JW59JRBWUMR2,Rejected,Wed Feb 19 06:28:39 PST 2020,Wed Feb 19 07:10:22 PST 2020,Tue Mar 10 08:10:22 PDT 2020,,Tue Feb 25 14:00:24 PST 2020,X,2503,0% (0/1),0% (0/1),0% (0/1),http://ec2-3-9-177-44.eu-west-2.compute.amazonaws.com/mturk,Economic Inequality,,X
3,3PIOQ99R7YMQ7IB3L68GXOATMREUNZ,3POY5Z28G54OUWWVXVR7KIJZO3YSY0,"Conversational Search User Study (1$ per Topic, Manually Checked)",Search about a given topic and its subtopics.,"search task, session search",$1.00,Wed Feb 19 06:03:45 PST 2020,14,BatchId:3926170;OriginalHitTemplateId:928390855;,3600,1728000,Wed Feb 26 06:03:45 PST 2020,,,39ZSFO5CA8WXBCIBWALPT0P2JQNUJY,A3JGSSDEJ0AWTW,Approved,Wed Feb 19 09:42:25 PST 2020,Wed Feb 19 09:59:43 PST 2020,Tue Mar 10 10:59:43 PDT 2020,Tue Feb 25 14:00:24 PST 2020,,,1038,100% (1/1),100% (1/1),100% (1/1),http://ec2-3-9-177-44.eu-west-2.compute.amazonaws.com/mturk,Essay about the Amazon Rainforest,,X
4,3PIOQ99R7YMQ7IB3L68GXOATMREUNZ,3POY5Z28G54OUWWVXVR7KIJZO3YSY0,"Conversational Search User Study (1$ per Topic, Manually Checked)",Search about a given topic and its subtopics.,"search task, session search",$1.00,Wed Feb 19 06:03:45 PST 2020,14,BatchId:3926170;OriginalHitTemplateId:928390855;,3600,1728000,Wed Feb 26 06:03:45 PST 2020,,,3BWI6RSP7G9N2LKN51HNMSYQ64HE7C,A36CZ0F88ELFWF,Approved,Wed Feb 19 06:58:15 PST 2020,Wed Feb 19 07:14:50 PST 2020,Tue Mar 10 08:14:50 PDT 2020,Tue Feb 25 14:00:25 PST 2020,,,995,100% (1/1),100% (1/1),100% (1/1),http://ec2-3-9-177-44.eu-west-2.compute.amazonaws.com/mturk,Economic Inequality,X,
5,3PIOQ99R7YMQ7IB3L68GXOATMREUNZ,3POY5Z28G54OUWWVXVR7KIJZO3YSY0,"Conversational Search User Study (1$ per Topic, Manually Checked)",Search about a given topic and its subtopics.,"search task, session search",$1.00,Wed Feb 19 06:03:45 PST 2020,14,BatchId:3926170;OriginalHitTemplateId:928390855;,3600,1728000,Wed Feb 26 06:03:45 PST 2020,,,3C5W7UE9CFQFTOIR4C94TZGNJ3KMXB,A1LFKPNCX23XN6,Submitted,Tue Feb 25 17:47:44 PST 2020,Tue Feb 25 17:56:30 PST 2020,Mon Mar 16 18:56:30 PDT 2020,,,,526,0% (0/0),0% (0/0),0% (0/0),http://ec2-3-9-177-44.eu-west-2.compute.amazonaws.com/mturk,Immune System,X,
6,3PIOQ99R7YMQ7IB3L68GXOATMREUNZ,3POY5Z28G54OUWWVXVR7KIJZO3YSY0,"Conversational Search User Study (1$ per Topic, Manually Checked)",Search about a given topic and its subtopics.,"search task, session search",$1.00,Wed Feb 19 06:03:45 PST 2020,14,BatchId:3926170;OriginalHitTemplateId:928390855;,3600,1728000,Wed Feb 26 06:03:45 PST 2020,,,3CN4LGXD5XOOP3JV34VAQJ6WXEWY4R,AWJUGWPCUGKEG,Rejected,Wed Feb 19 06:05:43 PST 2020,Wed Feb 19 06:12:58 PST 2020,Tue Mar 10 07:12:58 PDT 2020,,Tue Feb 25 14:00:25 PST 2020,X,435,0% (0/4),0% (0/4),0% (0/4),http://ec2-3-9-177-44.eu-west-2.compute.amazonaws.com/mturk,European Union Law,,X
7,3PIOQ99R7YMQ7IB3L68GXOATMREUNZ,3POY5Z28G54OUWWVXVR7KIJZO3YSY0,"Conversational Search User Study (1$ per Topic, Manually Checked)",Search about a given topic and its subtopics.,"search task, session search",$1.00,Wed Feb 19 06:03:45 PST 2020,14,BatchId:3926170;OriginalHitTemplateId:928390855;,3600,1728000,Wed Feb 26 06:03:45 PST 2020,,,3G5F9DBFOPX1XLCLD0S9D9B6M4RHV4,A1NCSZCN8EA787,Submitted,Tue Feb 25 14:55:21 PST 2020,Tue Feb 25 15:33:30 PST 2020,Mon Mar 16 16:33:30 PDT 2020,,,,2289,0% (0/0),0% (0/0),0% (0/0),http://ec2-3-9-177-44.eu-west-2.compute.amazonaws.com/mturk,Geology,,X
8,3PIOQ99R7YMQ7IB3L68GXOATMREUNZ,3POY5Z28G54OUWWVXVR7KIJZO3YSY0,"Conversational Search User Study (1$ per Topic, Manually Checked)",Search about a given topic and its subtopics.,"search task, session search",$1.00,Wed Feb 19 06:03:45 PST 2020,14,BatchId:3926170;OriginalHitTemplateId:928390855;,3600,1728000,Wed Feb 26 06:03:45 PST 2020,,,3IJXV6UZ1XJ9096OAY5KCONIZ9IRIX,AABCSDU3TZLNG,Approved,Wed Feb 19 06:37:02 PST 2020,Wed Feb 19 06:49:08 PST 2020,Tue Mar 10 07:49:08 PDT 2020,Tue Feb 25 14:00:23 PST 2020,,,726,100% (1/1),100% (1/1),100% (1/1),http://ec2-3-9-177-44.eu-west-2.compute.amazonaws.com/mturk,Intergovernmental Panel on Climate Change,X,
9,3PIOQ99R7YMQ7IB3L68GXOATMREUNZ,3POY5Z28G54OUWWVXVR7KIJZO3YSY0,"Conversational Search User Study (1$ per Topic, Manually Checked)",Search about a given topic and its subtopics.,"search task, session search",$1.00,Wed Feb 19 06:03:45 PST 2020,14,BatchId:3926170;OriginalHitTemplateId:928390855;,3600,1728000,Wed Feb 26 06:03:45 PST 2020,,,3K3R2QNK8B385052AYUC46BZPH09U1,A2B153AHPWHLH1,Submitted,Tue Feb 25 13:09:30 PST 2020,Tue Feb 25 13:20:07 PST 2020,Mon Mar 16 14:20:07 PDT 2020,,,,637,0% (0/0),0% (0/0),0% (0/0),http://ec2-3-9-177-44.eu-west-2.compute.amazonaws.com/mturk,Origins of the Normans,,X
10,3PIOQ99R7YMQ7IB3L68GXOATMREUNZ,3POY5Z28G54OUWWVXVR7KIJZO3YSY0,"Conversational Search User Study (1$ per Topic, Manually Checked)",Search about a given topic and its subtopics.,"search task, session search",$1.00,Wed Feb 19 06:03:45 PST 2020,14,BatchId:3926170;OriginalHitTemplateId:928390855;,3600,1728000,Wed Feb 26 06:03:45 PST 2020,,,3LQ8PUHQFLSWBFSLETTQYKLCC0MIHT,A1PTH9KTRO06EG,Approved,Wed Feb 19 06:09:41 PST 2020,Wed Feb 19 06:37:01 PST 2020,Tue Mar 10 07:37:01 PDT 2020,Tue Feb 25 14:00:25 PST 2020,,,1640,100% (10/10),100% (10/10),100% (10/10),http://ec2-3-9-177-44.eu-west-2.compute.amazonaws.com/mturk,Amazon Rainforest,X,
11,3PIOQ99R7YMQ7IB3L68GXOATMREUNZ,3POY5Z28G54OUWWVXVR7KIJZO3YSY0,"Conversational Search User Study (1$ per Topic, Manually Checked)",Search about a given topic and its subtopics.,"search task, session search",$1.00,Wed Feb 19 06:03:45 PST 2020,14,BatchId:3926170;OriginalHitTemplateId:928390855;,3600,1728000,Wed Feb 26 06:03:45 PST 2020,,,3LQ8PUHQFLSWBFSLETTQYKLCC11HI9,A2MOC4PTJYY15B,Rejected,Wed Feb 19 07:18:40 PST 2020,Wed Feb 19 08:00:07 PST 2020,Tue Mar 10 09:00:07 PDT 2020,,Tue Feb 25 13:09:28 PST 2020,He tried to cheat the system.,2487,0% (0/1),0% (0/1),0% (0/1),http://ec2-3-9-177-44.eu-west-2.compute.amazonaws.com/mturk,A2MOC4PTJYY15B,,X
12,3PIOQ99R7YMQ7IB3L68GXOATMREUNZ,3POY5Z28G54OUWWVXVR7KIJZO3YSY0,"Conversational Search User Study (1$ per Topic, Manually Checked)",Search about a given topic and its subtopics.,"search task, session search",$1.00,Wed Feb 19 06:03:45 PST 2020,14,BatchId:3926170;OriginalHitTemplateId:928390855;,3600,1728000,Wed Feb 26 06:03:45 PST 2020,,,3WJEQKOXA8261MO90GYSPZHMK6KA1P,A17IHC8O946XPF,Submitted,Tue Feb 25 16:15:42 PST 2020,Tue Feb 25 16:45:18 PST 2020,Mon Mar 16 17:45:18 PDT 2020,,,,1776,0% (0/0),0% (0/0),0% (0/0),http://ec2-3-9-177-44.eu-west-2.compute.amazonaws.com/mturk,Black Death,X,
13,3PIOQ99R7YMQ7IB3L68GXOATMREUNZ,3POY5Z28G54OUWWVXVR7KIJZO3YSY0,"Conversational Search User Study (1$ per Topic, Manually Checked)",Search about a given topic and its subtopics.,"search task, session search",$1.00,Wed Feb 19 06:03:45 PST 2020,14,BatchId:3926170;OriginalHitTemplateId:928390855;,3600,1728000,Wed Feb 26 06:03:45 PST 2020,,,3WOKGM4L71GVW1XSEGZACPIH2UWO09,A3P7QP6K56ED2Z,Rejected,Wed Feb 19 07:55:52 PST 2020,Wed Feb 19 08:16:57 PST 2020,Tue Mar 10 09:16:57 PDT 2020,,Tue Feb 25 13:07:28 PST 2020,He tried to cheat the system.,1265,0% (0/2),0% (0/2),0% (0/2),http://ec2-3-9-177-44.eu-west-2.compute.amazonaws.com/mturk,Economic Inequality,,X
14,3DQYSJDTYLBEUGSLXCGKR8FO2HUXE5,3POY5Z28G54OUWWVXVR7KIJZO3YSY0,"Conversational Search User Study (1$ per Topic, Manually Checked)",Search about a given topic and its subtopics.,"search task, session search",$1.00,Wed Feb 19 06:03:45 PST 2020,12,BatchId:3926170;OriginalHitTemplateId:928390855;,3600,1728000,Wed Feb 26 06:03:45 PST 2020,,,30BUDKLTXDV8FH64H82QO8KUHZR5EX,A2RBVMD2HTBCZ9,Submitted,Tue Feb 25 14:13:22 PST 2020,Tue Feb 25 14:22:58 PST 2020,Mon Mar 16 15:22:58 PDT 2020,,,,576,0% (0/0),0% (0/0),0% (0/0),http://ec2-3-9-177-44.eu-west-2.compute.amazonaws.com/mturk,Private Schools,X,
15,3DQYSJDTYLBEUGSLXCGKR8FO2HUXE5,3POY5Z28G54OUWWVXVR7KIJZO3YSY0,"Conversational Search User Study (1$ per Topic, Manually Checked)",Search about a given topic and its subtopics.,"search task, session search",$1.00,Wed Feb 19 06:03:45 PST 2020,12,BatchId:3926170;OriginalHitTemplateId:928390855;,3600,1728000,Wed Feb 26 06:03:45 PST 2020,,,31LVTDXBL7ABQAEUV12X44FAGDCRLB,A21D9YDJU8K2QI,Approved,Wed Feb 19 06:48:50 PST 2020,Wed Feb 19 07:01:51 PST 2020,Tue Mar 10 08:01:51 PDT 2020,Tue Feb 25 14:00:25 PST 2020,,,781,100% (1/1),100% (1/1),100% (1/1),http://ec2-3-9-177-44.eu-west-2.compute.amazonaws.com/mturk,Ecomonc inequality,,X
16,3DQYSJDTYLBEUGSLXCGKR8FO2HUXE5,3POY5Z28G54OUWWVXVR7KIJZO3YSY0,"Conversational Search User Study (1$ per Topic, Manually Checked)",Search about a given topic and its subtopics.,"search task, session search",$1.00,Wed Feb 19 06:03:45 PST 2020,12,BatchId:3926170;OriginalHitTemplateId:928390855;,3600,1728000,Wed Feb 26 06:03:45 PST 2020,,,33OOO72IVHLV3LXGMDET10Q5AQITCZ,A36W1S4Z2LSNTC,Approved,Wed Feb 19 07:05:04 PST 2020,Wed Feb 19 07:16:45 PST 2020,Tue Mar 10 08:16:45 PDT 2020,Tue Feb 25 14:00:24 PST 2020,,,701,100% (1/1),100% (1/1),100% (1/1),http://ec2-3-9-177-44.eu-west-2.compute.amazonaws.com/mturk,Black Death,X,
17,3DQYSJDTYLBEUGSLXCGKR8FO2HUXE5,3POY5Z28G54OUWWVXVR7KIJZO3YSY0,"Conversational Search User Study (1$ per Topic, Manually Checked)",Search about a given topic and its subtopics.,"search task, session search",$1.00,Wed Feb 19 06:03:45 PST 2020,12,BatchId:3926170;OriginalHitTemplateId:928390855;,3600,1728000,Wed Feb 26 06:03:45 PST 2020,,,3907X2AHF05KDBC783G3KDGM9VXP2S,A3HN4CIWMVWYVF,Rejected,Wed Feb 19 06:04:00 PST 2020,Wed Feb 19 06:27:53 PST 2020,Tue Mar 10 07:27:53 PDT 2020,,Tue Feb 25 14:00:25 PST 2020,X,1433,0% (0/1),0% (0/1),0% (0/1),http://ec2-3-9-177-44.eu-west-2.compute.amazonaws.com/mturk,"origins,cultural",,X
18,3DQYSJDTYLBEUGSLXCGKR8FO2HUXE5,3POY5Z28G54OUWWVXVR7KIJZO3YSY0,"Conversational Search User Study (1$ per Topic, Manually Checked)",Search about a given topic and its subtopics.,"search task, session search",$1.00,Wed Feb 19 06:03:45 PST 2020,12,BatchId:3926170;OriginalHitTemplateId:928390855;,3600,1728000,Wed Feb 26 06:03:45 PST 2020,,,39PAAFCODM0R2U3GDU9YRSEUVWBVTB,A2EED3HLTA96CP,Approved,Wed Feb 19 06:05:53 PST 2020,Wed Feb 19 06:10:13 PST 2020,Tue Mar 10 07:10:13 PDT 2020,Tue Feb 25 14:00:26 PST 2020,,,260,100% (1/1),100% (1/1),100% (1/1),http://ec2-3-9-177-44.eu-west-2.compute.amazonaws.com/mturk,Amazon Rainforest,X,
19,3DQYSJDTYLBEUGSLXCGKR8FO2HUXE5,3POY5Z28G54OUWWVXVR7KIJZO3YSY0,"Conversational Search User Study (1$ per Topic, Manually Checked)",Search about a given topic and its subtopics.,"search task, session search",$1.00,Wed Feb 19 06:03:45 PST 2020,12,BatchId:3926170;OriginalHitTemplateId:928390855;,3600,1728000,Wed Feb 26 06:03:45 PST 2020,,,3EQHHY4HQSS6ZV2VN3SEOB56SG9G5S,A3H2Y9ZTY867J3,Approved,Wed Feb 19 07:42:01 PST 2020,Wed Feb 19 08:21:01 PST 2020,Tue Mar 10 09:21:01 PDT 2020,Tue Feb 25 14:00:26 PST 2020,,,2340,100% (1/1),100% (1/1),100% (1/1),http://ec2-3-9-177-44.eu-west-2.compute.amazonaws.com/mturk,Amazon Rainforest,X,
20,3DQYSJDTYLBEUGSLXCGKR8FO2HUXE5,3POY5Z28G54OUWWVXVR7KIJZO3YSY0,"Conversational Search User Study (1$ per Topic, Manually Checked)",Search about a given topic and its subtopics.,"search task, session search",$1.00,Wed Feb 19 06:03:45 PST 2020,12,BatchId:3926170;OriginalHitTemplateId:928390855;,3600,1728000,Wed Feb 26 06:03:45 PST 2020,,,3HFNH7HEMHEVSHLT7VGHMM0XOAOGQT,A2KHMKJUVDMK1N,Rejected,Wed Feb 19 07:03:18 PST 2020,Wed Feb 19 07:31:46 PST 2020,Tue Mar 10 08:31:46 PDT 2020,,Tue Feb 25 14:00:25 PST 2020,X,1708,0% (0/1),0% (0/1),0% (0/1),http://ec2-3-9-177-44.eu-west-2.compute.amazonaws.com/mturk,Amazon Rainforest,,X
21,3DQYSJDTYLBEUGSLXCGKR8FO2HUXE5,3POY5Z28G54OUWWVXVR7KIJZO3YSY0,"Conversational Search User Study (1$ per Topic, Manually Checked)",Search about a given topic and its subtopics.,"search task, session search",$1.00,Wed Feb 19 06:03:45 PST 2020,12,BatchId:3926170;OriginalHitTemplateId:928390855;,3600,1728000,Wed Feb 26 06:03:45 PST 2020,,,3LPW2N6LKT2P4D3Q78HVSQ6X1NP5UG,AWN1PEZWRQSQ9,Approved,Wed Feb 19 06:27:14 PST 2020,Wed Feb 19 06:32:12 PST 2020,Tue Mar 10 07:32:12 PDT 2020,Tue Feb 25 14:00:25 PST 2020,,,298,100% (1/1),100% (1/1),100% (1/1),http://ec2-3-9-177-44.eu-west-2.compute.amazonaws.com/mturk,Amazon Rainforest,X,
22,3DQYSJDTYLBEUGSLXCGKR8FO2HUXE5,3POY5Z28G54OUWWVXVR7KIJZO3YSY0,"Conversational Search User Study (1$ per Topic, Manually Checked)",Search about a given topic and its subtopics.,"search task, session search",$1.00,Wed Feb 19 06:03:45 PST 2020,12,BatchId:3926170;OriginalHitTemplateId:928390855;,3600,1728000,Wed Feb 26 06:03:45 PST 2020,,,3LRLIPTPEQ987NAV8Q4AUEDLTAOAKS,A7OZPNXIVO1FX,Submitted,Tue Feb 25 14:00:45 PST 2020,Tue Feb 25 14:34:25 PST 2020,Mon Mar 16 15:34:25 PDT 2020,,,,2020,0% (0/0),0% (0/0),0% (0/0),http://ec2-3-9-177-44.eu-west-2.compute.amazonaws.com/mturk,European Union Law,X,
23,3DQYSJDTYLBEUGSLXCGKR8FO2HUXE5,3POY5Z28G54OUWWVXVR7KIJZO3YSY0,"Conversational Search User Study (1$ per Topic, Manually Checked)",Search about a given topic and its subtopics.,"search task, session search",$1.00,Wed Feb 19 06:03:45 PST 2020,12,BatchId:3926170;OriginalHitTemplateId:928390855;,3600,1728000,Wed Feb 26 06:03:45 PST 2020,,,3QRYMNZ7FYHEUPU7B3N7HBKH9T9TNS,A1PTH9KTRO06EG,Approved,Wed Feb 19 06:10:52 PST 2020,Wed Feb 19 06:41:31 PST 2020,Tue Mar 10 07:41:31 PDT 2020,Tue Feb 25 14:00:26 PST 2020,,,1839,100% (10/10),100% (10/10),100% (10/10),http://ec2-3-9-177-44.eu-west-2.compute.amazonaws.com/mturk,Immune System,X,
24,3DQYSJDTYLBEUGSLXCGKR8FO2HUXE5,3POY5Z28G54OUWWVXVR7KIJZO3YSY0,"Conversational Search User Study (1$ per Topic, Manually Checked)",Search about a given topic and its subtopics.,"search task, session search",$1.00,Wed Feb 19 06:03:45 PST 2020,12,BatchId:3926170;OriginalHitTemplateId:928390855;,3600,1728000,Wed Feb 26 06:03:45 PST 2020,,,3SKRO2GZ71RCDZXVC7BHJDKINGP1K0,A2PBRGT71DUYOY,Approved,Wed Feb 19 06:35:59 PST 2020,Wed Feb 19 07:00:16 PST 2020,Tue Mar 10 08:00:16 PDT 2020,Tue Feb 25 14:00:26 PST 2020,,,1457,100% (1/1),100% (1/1),100% (1/1),http://ec2-3-9-177-44.eu-west-2.compute.amazonaws.com/mturk,Amazon Rainforest,X,
25,3DQYSJDTYLBEUGSLXCGKR8FO2HUXE5,3POY5Z28G54OUWWVXVR7KIJZO3YSY0,"Conversational Search User Study (1$ per Topic, Manually Checked)",Search about a given topic and its subtopics.,"search task, session search",$1.00,Wed Feb 19 06:03:45 PST 2020,12,BatchId:3926170;OriginalHitTemplateId:928390855;,3600,1728000,Wed Feb 26 06:03:45 PST 2020,,,3VJ40NV2QINWCAUJCINKW0KMZ3ETO7,A1WCRV1WEWA63I,Approved,Wed Feb 19 06:03:53 PST 2020,Wed Feb 19 06:20:27 PST 2020,Tue Mar 10 07:20:27 PDT 2020,Tue Feb 25 14:00:26 PST 2020,,,994,100% (1/1),100% (1/1),100% (1/1),http://ec2-3-9-177-44.eu-west-2.compute.amazonaws.com/mturk,Economic Inequality,X,
26,3UAU495MIIS8P3BFML8TCDAYC1JUOE,3POY5Z28G54OUWWVXVR7KIJZO3YSY0,"Conversational Search User Study (1$ per Topic, Manually Checked)",Search about a given topic and its subtopics.,"search task, session search",$1.00,Wed Feb 19 06:03:45 PST 2020,13,BatchId:3926170;OriginalHitTemplateId:928390855;,3600,1728000,Wed Feb 26 06:03:45 PST 2020,,,34MAJL3QP4NN90M7EJ2K0PAJOE643Y,A1PTH9KTRO06EG,Approved,Wed Feb 19 06:26:22 PST 2020,Wed Feb 19 06:51:10 PST 2020,Tue Mar 10 07:51:10 PDT 2020,Tue Feb 25 14:00:26 PST 2020,,,1488,100% (10/10),100% (10/10),100% (10/10),http://ec2-3-9-177-44.eu-west-2.compute.amazonaws.com/mturk,Oxygen,X,
27,3UAU495MIIS8P3BFML8TCDAYC1JUOE,3POY5Z28G54OUWWVXVR7KIJZO3YSY0,"Conversational Search User Study (1$ per Topic, Manually Checked)",Search about a given topic and its subtopics.,"search task, session search",$1.00,Wed Feb 19 06:03:45 PST 2020,13,BatchId:3926170;OriginalHitTemplateId:928390855;,3600,1728000,Wed Feb 26 06:03:45 PST 2020,,,35GMH2SV3EHUNRCMMNYPXEKLWU9EOM,A240OTT1T85UGT,Approved,Wed Feb 19 06:51:55 PST 2020,Wed Feb 19 07:23:02 PST 2020,Tue Mar 10 08:23:02 PDT 2020,Tue Feb 25 14:00:26 PST 2020,,,1867,100% (1/1),100% (1/1),100% (1/1),http://ec2-3-9-177-44.eu-west-2.compute.amazonaws.com/mturk,Harvard University,X,
28,3UAU495MIIS8P3BFML8TCDAYC1JUOE,3POY5Z28G54OUWWVXVR7KIJZO3YSY0,"Conversational Search User Study (1$ per Topic, Manually Checked)",Search about a given topic and its subtopics.,"search task, session search",$1.00,Wed Feb 19 06:03:45 PST 2020,13,BatchId:3926170;OriginalHitTemplateId:928390855;,3600,1728000,Wed Feb 26 06:03:45 PST 2020,,,37TRT2X24QRIFD95WJ4UOAXEU5OJBE,A1UZU88V9BMFT7,Rejected,Wed Feb 19 09:25:01 PST 2020,Wed Feb 19 09:39:51 PST 2020,Tue Mar 10 10:39:51 PDT 2020,,Tue Feb 25 13:12:49 PST 2020,He tried to cheat the system.,890,0% (0/1),0% (0/1),0% (0/1),http://ec2-3-9-177-44.eu-west-2.compute.amazonaws.com/mturk,Amazon Rainforest,,X
29,3UAU495MIIS8P3BFML8TCDAYC1JUOE,3POY5Z28G54OUWWVXVR7KIJZO3YSY0,"Conversational Search User Study (1$ per Topic, Manually Checked)",Search about a given topic and its subtopics.,"search task, session search",$1.00,Wed Feb 19 06:03:45 PST 2020,13,BatchId:3926170;OriginalHitTemplateId:928390855;,3600,1728000,Wed Feb 26 06:03:45 PST 2020,,,39PAAFCODM0R2U3GDU9YRSEUVWBTV9,A1AF25FCVKC87X,Rejected,Wed Feb 19 06:06:14 PST 2020,Wed Feb 19 06:10:01 PST 2020,Tue Mar 10 07:10:01 PDT 2020,,Tue Feb 25 14:00:24 PST 2020,X,227,0% (0/1),0% (0/1),0% (0/1),http://ec2-3-9-177-44.eu-west-2.compute.amazonaws.com/mturk,Economic Inequality,,X
30,3UAU495MIIS8P3BFML8TCDAYC1JUOE,3POY5Z28G54OUWWVXVR7KIJZO3YSY0,"Conversational Search User Study (1$ per Topic, Manually Checked)",Search about a given topic and its subtopics.,"search task, session search",$1.00,Wed Feb 19 06:03:45 PST 2020,13,BatchId:3926170;OriginalHitTemplateId:928390855;,3600,1728000,Wed Feb 26 06:03:45 PST 2020,,,3AAPLD8UCCHMKT8W85SUCRNLNIFHTO,A28ZPY6D5AS7GZ,Approved,Wed Feb 19 06:45:07 PST 2020,Wed Feb 19 07:25:40 PST 2020,Tue Mar 10 08:25:40 PDT 2020,Tue Feb 25 14:00:26 PST 2020,,,2433,100% (1/1),100% (1/1),100% (1/1),http://ec2-3-9-177-44.eu-west-2.compute.amazonaws.com/mturk,Black Death,X,
31,3UAU495MIIS8P3BFML8TCDAYC1JUOE,3POY5Z28G54OUWWVXVR7KIJZO3YSY0,"Conversational Search User Study (1$ per Topic, Manually Checked)",Search about a given topic and its subtopics.,"search task, session search",$1.00,Wed Feb 19 06:03:45 PST 2020,13,BatchId:3926170;OriginalHitTemplateId:928390855;,3600,1728000,Wed Feb 26 06:03:45 PST 2020,,,3CPLWGV3MOZVAALTDXIQQBJ5FO89NE,A4CHLWPHZIP7Y,Approved,Wed Feb 19 08:42:51 PST 2020,Wed Feb 19 08:55:09 PST 2020,Tue Mar 10 09:55:09 PDT 2020,Tue Feb 25 14:00:26 PST 2020,,,738,100% (1/1),100% (1/1),100% (1/1),http://ec2-3-9-177-44.eu-west-2.compute.amazonaws.com/mturk,Immune System,X,
32,3UAU495MIIS8P3BFML8TCDAYC1JUOE,3POY5Z28G54OUWWVXVR7KIJZO3YSY0,"Conversational Search User Study (1$ per Topic, Manually Checked)",Search about a given topic and its subtopics.,"search task, session search",$1.00,Wed Feb 19 06:03:45 PST 2020,13,BatchId:3926170;OriginalHitTemplateId:928390855;,3600,1728000,Wed Feb 26 06:03:45 PST 2020,,,3FIUS151DV24FSRF4ZB5S8WVINFGGY,A1UY2W2FL9CWN,Approved,Wed Feb 19 06:49:21 PST 2020,Wed Feb 19 07:46:29 PST 2020,Tue Mar 10 08:46:29 PDT 2020,Tue Feb 25 14:00:24 PST 2020,,,3428,100% (1/1),100% (1/1),100% (1/1),http://ec2-3-9-177-44.eu-west-2.compute.amazonaws.com/mturk,Black Death,X,
33,3UAU495MIIS8P3BFML8TCDAYC1JUOE,3POY5Z28G54OUWWVXVR7KIJZO3YSY0,"Conversational Search User Study (1$ per Topic, Manually Checked)",Search about a given topic and its subtopics.,"search task, session search",$1.00,Wed Feb 19 06:03:45 PST 2020,13,BatchId:3926170;OriginalHitTemplateId:928390855;,3600,1728000,Wed Feb 26 06:03:45 PST 2020,,,3JV9LGBJWTES758DSIODXH5X996GOL,A23DLX3K161MH3,Approved,Wed Feb 19 06:46:10 PST 2020,Wed Feb 19 07:37:09 PST 2020,Tue Mar 10 08:37:09 PDT 2020,Tue Feb 25 14:00:26 PST 2020,,,3059,100% (1/1),100% (1/1),100% (1/1),http://ec2-3-9-177-44.eu-west-2.compute.amazonaws.com/mturk,Oxygen,X,
34,3UAU495MIIS8P3BFML8TCDAYC1JUOE,3POY5Z28G54OUWWVXVR7KIJZO3YSY0,"Conversational Search User Study (1$ per Topic, Manually Checked)",Search about a given topic and its subtopics.,"search task, session search",$1.00,Wed Feb 19 06:03:45 PST 2020,13,BatchId:3926170;OriginalHitTemplateId:928390855;,3600,1728000,Wed Feb 26 06:03:45 PST 2020,,,3KGTPGBS6XLX5GK3PPFXUJ3LJF8U2K,AA9SBG7LNCG8Q,Submitted,Tue Feb 25 15:46:55 PST 2020,Tue Feb 25 16:08:23 PST 2020,Mon Mar 16 17:08:23 PDT 2020,,,,1288,0% (0/0),0% (0/0),0% (0/0),http://ec2-3-9-177-44.eu-west-2.compute.amazonaws.com/mturk,Economic inequality,X,
35,3UAU495MIIS8P3BFML8TCDAYC1JUOE,3POY5Z28G54OUWWVXVR7KIJZO3YSY0,"Conversational Search User Study (1$ per Topic, Manually Checked)",Search about a given topic and its subtopics.,"search task, session search",$1.00,Wed Feb 19 06:03:45 PST 2020,13,BatchId:3926170;OriginalHitTemplateId:928390855;,3600,1728000,Wed Feb 26 06:03:45 PST 2020,,,3LO69W1SU3DK1K5GFQ8L5013E53LGD,AA5ZDXAA2DLY1,Approved,Wed Feb 19 07:31:43 PST 2020,Wed Feb 19 08:07:06 PST 2020,Tue Mar 10 09:07:06 PDT 2020,Tue Feb 25 14:00:23 PST 2020,,,2123,100% (1/1),100% (1/1),100% (1/1),http://ec2-3-9-177-44.eu-west-2.compute.amazonaws.com/mturk,Geology,X,
36,3UAU495MIIS8P3BFML8TCDAYC1JUOE,3POY5Z28G54OUWWVXVR7KIJZO3YSY0,"Conversational Search User Study (1$ per Topic, Manually Checked)",Search about a given topic and its subtopics.,"search task, session search",$1.00,Wed Feb 19 06:03:45 PST 2020,13,BatchId:3926170;OriginalHitTemplateId:928390855;,3600,1728000,Wed Feb 26 06:03:45 PST 2020,,,3OHYZ19UGC5RXEVA6IW31VUUDG8AOO,A20MUNY2OLDCLC,Submitted,Tue Feb 25 15:01:43 PST 2020,Tue Feb 25 15:08:05 PST 2020,Mon Mar 16 16:08:05 PDT 2020,,,,382,0% (0/0),0% (0/0),0% (0/0),http://ec2-3-9-177-44.eu-west-2.compute.amazonaws.com/mturk,Oxygen,X,
37,3UAU495MIIS8P3BFML8TCDAYC1JUOE,3POY5Z28G54OUWWVXVR7KIJZO3YSY0,"Conversational Search User Study (1$ per Topic, Manually Checked)",Search about a given topic and its subtopics.,"search task, session search",$1.00,Wed Feb 19 06:03:45 PST 2020,13,BatchId:3926170;OriginalHitTemplateId:928390855;,3600,1728000,Wed Feb 26 06:03:45 PST 2020,,,3UXUOQ9OKEXKC83BPWF1Q98ZLPN7AE,AWJUGWPCUGKEG,Rejected,Wed Feb 19 06:14:19 PST 2020,Wed Feb 19 06:17:52 PST 2020,Tue Mar 10 07:17:52 PDT 2020,,Tue Feb 25 14:00:26 PST 2020,X,213,0% (0/4),0% (0/4),0% (0/4),http://ec2-3-9-177-44.eu-west-2.compute.amazonaws.com/mturk,Immune System,,X
38,3UAU495MIIS8P3BFML8TCDAYC1JUOE,3POY5Z28G54OUWWVXVR7KIJZO3YSY0,"Conversational Search User Study (1$ per Topic, Manually Checked)",Search about a given topic and its subtopics.,"search task, session search",$1.00,Wed Feb 19 06:03:45 PST 2020,13,BatchId:3926170;OriginalHitTemplateId:928390855;,3600,1728000,Wed Feb 26 06:03:45 PST 2020,,,3Z9WI9EOZZONHAI9EWE2B00P679KHC,AOJKSAY7L9HX0,Submitted,Tue Feb 25 18:04:18 PST 2020,Tue Feb 25 18:29:14 PST 2020,Mon Mar 16 19:29:14 PDT 2020,,,,1496,0% (0/0),0% (0/0),0% (0/0),http://ec2-3-9-177-44.eu-west-2.compute.amazonaws.com/mturk,Black Death,,X
39,3VMHWJRYHVG60USHSN0Q9Q0OEI9XFN,3POY5Z28G54OUWWVXVR7KIJZO3YSY0,"Conversational Search User Study (1$ per Topic, Manually Checked)",Search about a given topic and its subtopics.,"search task, session search",$1.00,Wed Feb 19 06:03:45 PST 2020,13,BatchId:3926170;OriginalHitTemplateId:928390855;,3600,1728000,Wed Feb 26 06:03:45 PST 2020,,,34HJIJKLP5W7L9OQYT8QJK22FXX4VR,A3PIUNG7VXQWTR,Approved,Wed Feb 19 06:11:13 PST 2020,Wed Feb 19 06:20:29 PST 2020,Tue Mar 10 07:20:29 PDT 2020,Tue Feb 25 14:00:27 PST 2020,,,556,100% (1/1),100% (1/1),100% (1/1),http://ec2-3-9-177-44.eu-west-2.compute.amazonaws.com/mturk,Immune System,X,
40,3VMHWJRYHVG60USHSN0Q9Q0OEI9XFN,3POY5Z28G54OUWWVXVR7KIJZO3YSY0,"Conversational Search User Study (1$ per Topic, Manually Checked)",Search about a given topic and its subtopics.,"search task, session search",$1.00,Wed Feb 19 06:03:45 PST 2020,13,BatchId:3926170;OriginalHitTemplateId:928390855;,3600,1728000,Wed Feb 26 06:03:45 PST 2020,,,35DR22AR5DKE72AHYU4PX07HJ8AX35,A1PHDT66U6IK4Q,Submitted,Tue Feb 25 14:00:35 PST 2020,Tue Feb 25 14:10:12 PST 2020,Mon Mar 16 15:10:12 PDT 2020,,,,577,0% (0/0),0% (0/0),0% (0/0),http://ec2-3-9-177-44.eu-west-2.compute.amazonaws.com/mturk,Amazon Rainforest,X,
41,3VMHWJRYHVG60USHSN0Q9Q0OEI9XFN,3POY5Z28G54OUWWVXVR7KIJZO3YSY0,"Conversational Search User Study (1$ per Topic, Manually Checked)",Search about a given topic and its subtopics.,"search task, session search",$1.00,Wed Feb 19 06:03:45 PST 2020,13,BatchId:3926170;OriginalHitTemplateId:928390855;,3600,1728000,Wed Feb 26 06:03:45 PST 2020,,,3AUQQEL7U5TQML6PFSLO7HCPYMTV0G,A2IMMQ5AS3ZK78,Approved,Wed Feb 19 06:45:39 PST 2020,Wed Feb 19 06:57:11 PST 2020,Tue Mar 10 07:57:11 PDT 2020,Tue Feb 25 14:00:27 PST 2020,,,692,100% (1/1),100% (1/1),100% (1/1),http://ec2-3-9-177-44.eu-west-2.compute.amazonaws.com/mturk,Black Death,X,
42,3VMHWJRYHVG60USHSN0Q9Q0OEI9XFN,3POY5Z28G54OUWWVXVR7KIJZO3YSY0,"Conversational Search User Study (1$ per Topic, Manually Checked)",Search about a given topic and its subtopics.,"search task, session search",$1.00,Wed Feb 19 06:03:45 PST 2020,13,BatchId:3926170;OriginalHitTemplateId:928390855;,3600,1728000,Wed Feb 26 06:03:45 PST 2020,,,3CPLWGV3MOZVAALTDXIQQBJ5HOKN96,A2M55RDN9UDPXJ,Submitted,Tue Feb 25 15:00:00 PST 2020,Tue Feb 25 15:07:25 PST 2020,Mon Mar 16 16:07:25 PDT 2020,,,,445,0% (0/0),0% (0/0),0% (0/0),http://ec2-3-9-177-44.eu-west-2.compute.amazonaws.com/mturk,oxygen,X,
43,3VMHWJRYHVG60USHSN0Q9Q0OEI9XFN,3POY5Z28G54OUWWVXVR7KIJZO3YSY0,"Conversational Search User Study (1$ per Topic, Manually Checked)",Search about a given topic and its subtopics.,"search task, session search",$1.00,Wed Feb 19 06:03:45 PST 2020,13,BatchId:3926170;OriginalHitTemplateId:928390855;,3600,1728000,Wed Feb 26 06:03:45 PST 2020,,,3CTOC39K37QVD16FJ2SEJ8BIBCDJ72,A3HZFB2JLF3JMY,Rejected,Wed Feb 19 06:03:52 PST 2020,Wed Feb 19 06:17:30 PST 2020,Tue Mar 10 07:17:30 PDT 2020,,Tue Feb 25 14:00:26 PST 2020,X,818,0% (0/1),0% (0/1),0% (0/1),http://ec2-3-9-177-44.eu-west-2.compute.amazonaws.com/mturk,Black Death,,X
44,3VMHWJRYHVG60USHSN0Q9Q0OEI9XFN,3POY5Z28G54OUWWVXVR7KIJZO3YSY0,"Conversational Search User Study (1$ per Topic, Manually Checked)",Search about a given topic and its subtopics.,"search task, session search",$1.00,Wed Feb 19 06:03:45 PST 2020,13,BatchId:3926170;OriginalHitTemplateId:928390855;,3600,1728000,Wed Feb 26 06:03:45 PST 2020,,,3DQQ64TANGL6PRAEMN5A8KWBD3PPW9,A24LB89P1BPKKF,Approved,Wed Feb 19 07:22:31 PST 2020,Wed Feb 19 08:20:51 PST 2020,Tue Mar 10 09:20:51 PDT 2020,Tue Feb 25 14:00:27 PST 2020,,,3500,100% (1/1),100% (1/1),100% (1/1),http://ec2-3-9-177-44.eu-west-2.compute.amazonaws.com/mturk,Immune system,X,
45,3VMHWJRYHVG60USHSN0Q9Q0OEI9XFN,3POY5Z28G54OUWWVXVR7KIJZO3YSY0,"Conversational Search User Study (1$ per Topic, Manually Checked)",Search about a given topic and its subtopics.,"search task, session search",$1.00,Wed Feb 19 06:03:45 PST 2020,13,BatchId:3926170;OriginalHitTemplateId:928390855;,3600,1728000,Wed Feb 26 06:03:45 PST 2020,,,3DUZQ9U6SMOQNUQ1OU48HNI8TDXVSM,A1GKD3NG1NNHRP,Approved,Wed Feb 19 06:03:58 PST 2020,Wed Feb 19 06:27:08 PST 2020,Tue Mar 10 07:27:08 PDT 2020,Tue Feb 25 14:00:27 PST 2020,,,1390,100% (1/1),100% (1/1),100% (1/1),http://ec2-3-9-177-44.eu-west-2.compute.amazonaws.com/mturk,Amazon Rainforest,X,
46,3VMHWJRYHVG60USHSN0Q9Q0OEI9XFN,3POY5Z28G54OUWWVXVR7KIJZO3YSY0,"Conversational Search User Study (1$ per Topic, Manually Checked)",Search about a given topic and its subtopics.,"search task, session search",$1.00,Wed Feb 19 06:03:45 PST 2020,13,BatchId:3926170;OriginalHitTemplateId:928390855;,3600,1728000,Wed Feb 26 06:03:45 PST 2020,,,3E337GFOL98APK81R3O0IS5SL33GNI,AA6RYE4V0IBKM,Submitted,Tue Feb 25 18:05:49 PST 2020,Tue Feb 25 18:19:52 PST 2020,Mon Mar 16 19:19:52 PDT 2020,,,,843,0% (0/0),0% (0/0),0% (0/0),http://ec2-3-9-177-44.eu-west-2.compute.amazonaws.com/mturk,Intergovernmental Panel on Climate Change,X,
47,3VMHWJRYHVG60USHSN0Q9Q0OEI9XFN,3POY5Z28G54OUWWVXVR7KIJZO3YSY0,"Conversational Search User Study (1$ per Topic, Manually Checked)",Search about a given topic and its subtopics.,"search task, session search",$1.00,Wed Feb 19 06:03:45 PST 2020,13,BatchId:3926170;OriginalHitTemplateId:928390855;,3600,1728000,Wed Feb 26 06:03:45 PST 2020,,,3OLQQLKKNSPGMGLP6A6KPI3ZXZHEJJ,A2S64AUN7JI7ZS,Rejected,Wed Feb 19 06:03:58 PST 2020,Wed Feb 19 06:13:33 PST 2020,Tue Mar 10 07:13:33 PDT 2020,,Tue Feb 25 14:00:27 PST 2020,X,575,0% (0/2),0% (0/2),0% (0/2),http://ec2-3-9-177-44.eu-west-2.compute.amazonaws.com/mturk,"Normans Imagine you need to write an essay about the Normans, and you are planning to have sections about their origins, culture, rulers, and conquests and military campaigns. How would you search to find more information?",,X
48,3VMHWJRYHVG60USHSN0Q9Q0OEI9XFN,3POY5Z28G54OUWWVXVR7KIJZO3YSY0,"Conversational Search User Study (1$ per Topic, Manually Checked)",Search about a given topic and its subtopics.,"search task, session search",$1.00,Wed Feb 19 06:03:45 PST 2020,13,BatchId:3926170;OriginalHitTemplateId:928390855;,3600,1728000,Wed Feb 26 06:03:45 PST 2020,,,3TXWC2NHNZQSQNDYLTZCP5TB2MJS9A,A1PTH9KTRO06EG,Approved,Wed Feb 19 06:28:38 PST 2020,Wed Feb 19 06:58:38 PST 2020,Tue Mar 10 07:58:38 PDT 2020,Tue Feb 25 14:00:27 PST 2020,,,1800,100% (10/10),100% (10/10),100% (10/10),http://ec2-3-9-177-44.eu-west-2.compute.amazonaws.com/mturk,Geology,X,
49,3VMHWJRYHVG60USHSN0Q9Q0OEI9XFN,3POY5Z28G54OUWWVXVR7KIJZO3YSY0,"Conversational Search User Study (1$ per Topic, Manually Checked)",Search about a given topic and its subtopics.,"search task, session search",$1.00,Wed Feb 19 06:03:45 PST 2020,13,BatchId:3926170;OriginalHitTemplateId:928390855;,3600,1728000,Wed Feb 26 06:03:45 PST 2020,,,3VFJCI1K4ZZV4I0TKA5HRCA2KWQGRU,AWJUGWPCUGKEG,Rejected,Wed Feb 19 06:04:11 PST 2020,Wed Feb 19 06:06:50 PST 2020,Tue Mar 10 07:06:50 PDT 2020,,Tue Feb 25 14:00:27 PST 2020,X,159,0% (0/4),0% (0/4),0% (0/4),http://ec2-3-9-177-44.eu-west-2.compute.amazonaws.com/mturk,normans,,X
50,3VMHWJRYHVG60USHSN0Q9Q0OEI9XFN,3POY5Z28G54OUWWVXVR7KIJZO3YSY0,"Conversational Search User Study (1$ per Topic, Manually Checked)",Search about a given topic and its subtopics.,"search task, session search",$1.00,Wed Feb 19 06:03:45 PST 2020,13,BatchId:3926170;OriginalHitTemplateId:928390855;,3600,1728000,Wed Feb 26 06:03:45 PST 2020,,,3X73LLYYQ1EOPG3CB96I3SHTY02HNW,A3C2X1L5PVNNLV,Approved,Wed Feb 19 07:20:57 PST 2020,Wed Feb 19 08:05:23 PST 2020,Tue Mar 10 09:05:23 PDT 2020,Tue Feb 25 14:00:28 PST 2020,,,2666,100% (1/1),100% (1/1),100% (1/1),http://ec2-3-9-177-44.eu-west-2.compute.amazonaws.com/mturk,Black Death,X,
51,3VMHWJRYHVG60USHSN0Q9Q0OEI9XFN,3POY5Z28G54OUWWVXVR7KIJZO3YSY0,"Conversational Search User Study (1$ per Topic, Manually Checked)",Search about a given topic and its subtopics.,"search task, session search",$1.00,Wed Feb 19 06:03:45 PST 2020,13,BatchId:3926170;OriginalHitTemplateId:928390855;,3600,1728000,Wed Feb 26 06:03:45 PST 2020,,,3ZWFC4W1UU7PQI4Y9QZZ9RAQJHQRF6,A8C3WNWRBWUXO,Approved,Wed Feb 19 06:03:55 PST 2020,Wed Feb 19 06:30:51 PST 2020,Tue Mar 10 07:30:51 PDT 2020,Tue Feb 25 14:00:28 PST 2020,,,1616,100% (1/1),100% (1/1),100% (1/1),http://ec2-3-9-177-44.eu-west-2.compute.amazonaws.com/mturk,"Imagine you need to write an essay about private schools, and you are planning to have sections about their cost, quality, and different types; scholarships and funding; enrollment and classes; and differences between private and public schools. How would you search to find more information about this topic?",,X
52,371Q3BEXDH949UXIZPOADAZEB81ZS5,3POY5Z28G54OUWWVXVR7KIJZO3YSY0,"Conversational Search User Study (1$ per Topic, Manually Checked)",Search about a given topic and its subtopics.,"search task, session search",$1.00,Wed Feb 19 06:03:45 PST 2020,14,BatchId:3926170;OriginalHitTemplateId:928390855;,3600,1728000,Wed Feb 26 06:03:45 PST 2020,,,3300DTYQT2HX83P210QTMJFLBU9EQA,A1TR615HGENX1M,Approved,Wed Feb 19 06:04:00 PST 2020,Wed Feb 19 06:17:25 PST 2020,Tue Mar 10 07:17:25 PDT 2020,Tue Feb 25 14:00:28 PST 2020,,,805,100% (1/1),100% (1/1),100% (1/1),http://ec2-3-9-177-44.eu-west-2.compute.amazonaws.com/mturk,Private Schools,X,
53,371Q3BEXDH949UXIZPOADAZEB81ZS5,3POY5Z28G54OUWWVXVR7KIJZO3YSY0,"Conversational Search User Study (1$ per Topic, Manually Checked)",Search about a given topic and its subtopics.,"search task, session search",$1.00,Wed Feb 19 06:03:45 PST 2020,14,BatchId:3926170;OriginalHitTemplateId:928390855;,3600,1728000,Wed Feb 26 06:03:45 PST 2020,,,333U7HK6I9FBUA7PAFV0J0LEXPAJDT,A3CASN6JG7104,Rejected,Wed Feb 19 08:19:39 PST 2020,Wed Feb 19 09:15:10 PST 2020,Tue Mar 10 10:15:10 PDT 2020,,Tue Feb 25 14:00:28 PST 2020,X,3331,0% (0/1),0% (0/1),0% (0/1),http://ec2-3-9-177-44.eu-west-2.compute.amazonaws.com/mturk,Economic Inequality,,X
54,371Q3BEXDH949UXIZPOADAZEB81ZS5,3POY5Z28G54OUWWVXVR7KIJZO3YSY0,"Conversational Search User Study (1$ per Topic, Manually Checked)",Search about a given topic and its subtopics.,"search task, session search",$1.00,Wed Feb 19 06:03:45 PST 2020,14,BatchId:3926170;OriginalHitTemplateId:928390855;,3600,1728000,Wed Feb 26 06:03:45 PST 2020,,,34J10VATJFY9O8ROXJGK7YDD3NHQIW,A3TT7QV49VCZJ9,Approved,Wed Feb 19 06:37:01 PST 2020,Wed Feb 19 07:23:18 PST 2020,Tue Mar 10 08:23:18 PDT 2020,Tue Feb 25 14:00:28 PST 2020,,,2777,100% (1/1),100% (1/1),100% (1/1),http://ec2-3-9-177-44.eu-west-2.compute.amazonaws.com/mturk,European Union Law,X,
55,371Q3BEXDH949UXIZPOADAZEB81ZS5,3POY5Z28G54OUWWVXVR7KIJZO3YSY0,"Conversational Search User Study (1$ per Topic, Manually Checked)",Search about a given topic and its subtopics.,"search task, session search",$1.00,Wed Feb 19 06:03:45 PST 2020,14,BatchId:3926170;OriginalHitTemplateId:928390855;,3600,1728000,Wed Feb 26 06:03:45 PST 2020,,,39DD6S19JPB6MVQTOW96DCRPIYZEZD,A3RQR6LM6CHOMQ,Submitted,Tue Feb 25 15:03:55 PST 2020,Tue Feb 25 15:58:15 PST 2020,Mon Mar 16 16:58:15 PDT 2020,,,,3260,100% (1/1),100% (1/1),100% (1/1),http://ec2-3-9-177-44.eu-west-2.compute.amazonaws.com/mturk,Private Schools,X,
56,371Q3BEXDH949UXIZPOADAZEB81ZS5,3POY5Z28G54OUWWVXVR7KIJZO3YSY0,"Conversational Search User Study (1$ per Topic, Manually Checked)",Search about a given topic and its subtopics.,"search task, session search",$1.00,Wed Feb 19 06:03:45 PST 2020,14,BatchId:3926170;OriginalHitTemplateId:928390855;,3600,1728000,Wed Feb 26 06:03:45 PST 2020,,,3A0EX8ZRN8O8A244IJ5XYXC276DBYA,A1PTH9KTRO06EG,Approved,Wed Feb 19 06:03:59 PST 2020,Wed Feb 19 06:09:39 PST 2020,Tue Mar 10 07:09:39 PDT 2020,Tue Feb 25 14:00:28 PST 2020,,,340,100% (10/10),100% (10/10),100% (10/10),http://ec2-3-9-177-44.eu-west-2.compute.amazonaws.com/mturk,Private Schools,X,
57,371Q3BEXDH949UXIZPOADAZEB81ZS5,3POY5Z28G54OUWWVXVR7KIJZO3YSY0,"Conversational Search User Study (1$ per Topic, Manually Checked)",Search about a given topic and its subtopics.,"search task, session search",$1.00,Wed Feb 19 06:03:45 PST 2020,14,BatchId:3926170;OriginalHitTemplateId:928390855;,3600,1728000,Wed Feb 26 06:03:45 PST 2020,,,3CN4LGXD5XOOP3JV34VAQJ6WXEX4YY,A2S5GPVIUV8RJI,Rejected,Wed Feb 19 06:05:12 PST 2020,Wed Feb 19 06:22:23 PST 2020,Tue Mar 10 07:22:23 PDT 2020,,Tue Feb 25 14:00:28 PST 2020,X,1031,0% (0/1),0% (0/1),0% (0/1),http://ec2-3-9-177-44.eu-west-2.compute.amazonaws.com/mturk,The Normans,,X
58,371Q3BEXDH949UXIZPOADAZEB81ZS5,3POY5Z28G54OUWWVXVR7KIJZO3YSY0,"Conversational Search User Study (1$ per Topic, Manually Checked)",Search about a given topic and its subtopics.,"search task, session search",$1.00,Wed Feb 19 06:03:45 PST 2020,14,BatchId:3926170;OriginalHitTemplateId:928390855;,3600,1728000,Wed Feb 26 06:03:45 PST 2020,,,3LEP4MGT3G05CR9DMNIJLC21RM3BD8,AZZA3J049G7R5,Submitted,Tue Feb 25 17:40:35 PST 2020,Tue Feb 25 17:54:47 PST 2020,Mon Mar 16 18:54:47 PDT 2020,,,,852,0% (0/0),0% (0/0),0% (0/0),http://ec2-3-9-177-44.eu-west-2.compute.amazonaws.com/mturk,Intergovernmental Panel on Climate Change,X,
59,371Q3BEXDH949UXIZPOADAZEB81ZS5,3POY5Z28G54OUWWVXVR7KIJZO3YSY0,"Conversational Search User Study (1$ per Topic, Manually Checked)",Search about a given topic and its subtopics.,"search task, session search",$1.00,Wed Feb 19 06:03:45 PST 2020,14,BatchId:3926170;OriginalHitTemplateId:928390855;,3600,1728000,Wed Feb 26 06:03:45 PST 2020,,,3MRNMEIQW56HP0VPD07DZFY61D7DLF,A2FBP73AQACKZ2,Rejected,Wed Feb 19 07:02:04 PST 2020,Wed Feb 19 07:53:10 PST 2020,Tue Mar 10 08:53:10 PDT 2020,,Tue Feb 25 14:00:28 PST 2020,X,3066,0% (0/1),0% (0/1),0% (0/1),http://ec2-3-9-177-44.eu-west-2.compute.amazonaws.com/mturk,Immune System,,X
60,371Q3BEXDH949UXIZPOADAZEB81ZS5,3POY5Z28G54OUWWVXVR7KIJZO3YSY0,"Conversational Search User Study (1$ per Topic, Manually Checked)",Search about a given topic and its subtopics.,"search task, session search",$1.00,Wed Feb 19 06:03:45 PST 2020,14,BatchId:3926170;OriginalHitTemplateId:928390855;,3600,1728000,Wed Feb 26 06:03:45 PST 2020,,,3P4RDNWND56S2LNB2TWBAX1RPSOJIX,A3141EW4WZT4Q0,Approved,Wed Feb 19 06:09:52 PST 2020,Wed Feb 19 06:17:38 PST 2020,Tue Mar 10 07:17:38 PDT 2020,Tue Feb 25 14:00:29 PST 2020,,,466,100% (1/1),100% (1/1),100% (1/1),http://ec2-3-9-177-44.eu-west-2.compute.amazonaws.com/mturk,Private Schools,X,
61,371Q3BEXDH949UXIZPOADAZEB81ZS5,3POY5Z28G54OUWWVXVR7KIJZO3YSY0,"Conversational Search User Study (1$ per Topic, Manually Checked)",Search about a given topic and its subtopics.,"search task, session search",$1.00,Wed Feb 19 06:03:45 PST 2020,14,BatchId:3926170;OriginalHitTemplateId:928390855;,3600,1728000,Wed Feb 26 06:03:45 PST 2020,,,3RGU30DZTA8EY4D2N8U32Q88618JMD,A2QS8G463BJAUU,Approved,Wed Feb 19 06:07:16 PST 2020,Wed Feb 19 07:04:52 PST 2020,Tue Mar 10 08:04:52 PDT 2020,Tue Feb 25 14:00:29 PST 2020,,,3456,100% (1/1),100% (1/1),100% (1/1),http://ec2-3-9-177-44.eu-west-2.compute.amazonaws.com/mturk,Harvard University,X,
62,371Q3BEXDH949UXIZPOADAZEB81ZS5,3POY5Z28G54OUWWVXVR7KIJZO3YSY0,"Conversational Search User Study (1$ per Topic, Manually Checked)",Search about a given topic and its subtopics.,"search task, session search",$1.00,Wed Feb 19 06:03:45 PST 2020,14,BatchId:3926170;OriginalHitTemplateId:928390855;,3600,1728000,Wed Feb 26 06:03:45 PST 2020,,,3U0SRXB7CD51EAHF7EICHWJZL8CRND,A2ESBX4C2Q6TQY,Approved,Wed Feb 19 06:37:01 PST 2020,Wed Feb 19 06:44:34 PST 2020,Tue Mar 10 07:44:34 PDT 2020,Tue Feb 25 14:00:29 PST 2020,,,453,100% (1/1),100% (1/1),100% (1/1),http://ec2-3-9-177-44.eu-west-2.compute.amazonaws.com/mturk,Oxygen,X,
63,371Q3BEXDH949UXIZPOADAZEB81ZS5,3POY5Z28G54OUWWVXVR7KIJZO3YSY0,"Conversational Search User Study (1$ per Topic, Manually Checked)",Search about a given topic and its subtopics.,"search task, session search",$1.00,Wed Feb 19 06:03:45 PST 2020,14,BatchId:3926170;OriginalHitTemplateId:928390855;,3600,1728000,Wed Feb 26 06:03:45 PST 2020,,,3VD82FOHKQOFQTS8QWSU7QKIDIQCON,A7SXWHGK8B40R,Submitted,Tue Feb 25 14:10:30 PST 2020,Tue Feb 25 14:13:51 PST 2020,Mon Mar 16 15:13:51 PDT 2020,,,,201,0% (0/0),0% (0/0),0% (0/0),http://ec2-3-9-177-44.eu-west-2.compute.amazonaws.com/mturk,Private schools,,X
64,371Q3BEXDH949UXIZPOADAZEB81ZS5,3POY5Z28G54OUWWVXVR7KIJZO3YSY0,"Conversational Search User Study (1$ per Topic, Manually Checked)",Search about a given topic and its subtopics.,"search task, session search",$1.00,Wed Feb 19 06:03:45 PST 2020,14,BatchId:3926170;OriginalHitTemplateId:928390855;,3600,1728000,Wed Feb 26 06:03:45 PST 2020,,,3VP0C6EFSGW2A9YV3P0ETM33KVOM6A,AOWLCXNXCSQAC,Rejected,Wed Feb 19 06:03:58 PST 2020,Wed Feb 19 06:19:56 PST 2020,Tue Mar 10 07:19:56 PDT 2020,,Tue Feb 25 12:59:00 PST 2020,he tried to cheat the system.,958,0% (0/3),0% (0/3),0% (0/3),http://ec2-3-9-177-44.eu-west-2.compute.amazonaws.com/mturk,Geology,,X
65,371Q3BEXDH949UXIZPOADAZEB81ZS5,3POY5Z28G54OUWWVXVR7KIJZO3YSY0,"Conversational Search User Study (1$ per Topic, Manually Checked)",Search about a given topic and its subtopics.,"search task, session search",$1.00,Wed Feb 19 06:03:45 PST 2020,14,BatchId:3926170;OriginalHitTemplateId:928390855;,3600,1728000,Wed Feb 26 06:03:45 PST 2020,,,3ZOTGHDK5IBVXAH4NIIUMVO0ZKJSO2,AKTWA4NBCUQMV,Submitted,Tue Feb 25 13:34:40 PST 2020,Tue Feb 25 14:05:21 PST 2020,Mon Mar 16 15:05:21 PDT 2020,,,,1841,0% (0/0),0% (0/0),0% (0/0),http://ec2-3-9-177-44.eu-west-2.compute.amazonaws.com/mturk,Black Death,X,
66,34XASH8KLQM7XVI7SJUMA3YU9KCMPV,3POY5Z28G54OUWWVXVR7KIJZO3YSY0,"Conversational Search User Study (1$ per Topic, Manually Checked)",Search about a given topic and its subtopics.,"search task, session search",$1.00,Wed Feb 19 06:03:45 PST 2020,12,BatchId:3926170;OriginalHitTemplateId:928390855;,3600,1728000,Wed Feb 26 06:03:45 PST 2020,,,30MVJZJNHMDZRKU8YZQYX42O621J9E,A354IL6K61ZWHP,Rejected,Wed Feb 19 06:05:43 PST 2020,Wed Feb 19 06:12:17 PST 2020,Tue Mar 10 07:12:17 PDT 2020,,Tue Feb 25 14:00:28 PST 2020,X,394,0% (0/1),0% (0/1),0% (0/1),http://ec2-3-9-177-44.eu-west-2.compute.amazonaws.com/mturk,Normans,,X
67,34XASH8KLQM7XVI7SJUMA3YU9KCMPV,3POY5Z28G54OUWWVXVR7KIJZO3YSY0,"Conversational Search User Study (1$ per Topic, Manually Checked)",Search about a given topic and its subtopics.,"search task, session search",$1.00,Wed Feb 19 06:03:45 PST 2020,12,BatchId:3926170;OriginalHitTemplateId:928390855;,3600,1728000,Wed Feb 26 06:03:45 PST 2020,,,333U7HK6I9FBUA7PAFV0J0LEXNGJDV,A1PTH9KTRO06EG,Approved,Wed Feb 19 06:09:11 PST 2020,Wed Feb 19 06:32:47 PST 2020,Tue Mar 10 07:32:47 PDT 2020,Tue Feb 25 14:00:30 PST 2020,,,1416,100% (10/10),100% (10/10),100% (10/10),http://ec2-3-9-177-44.eu-west-2.compute.amazonaws.com/mturk,Economic Inequality,X,
68,34XASH8KLQM7XVI7SJUMA3YU9KCMPV,3POY5Z28G54OUWWVXVR7KIJZO3YSY0,"Conversational Search User Study (1$ per Topic, Manually Checked)",Search about a given topic and its subtopics.,"search task, session search",$1.00,Wed Feb 19 06:03:45 PST 2020,12,BatchId:3926170;OriginalHitTemplateId:928390855;,3600,1728000,Wed Feb 26 06:03:45 PST 2020,,,3570Y55XZPJ41JCFY5XBZ83ZNJ5GYW,AERTM9Y12LBNF,Rejected,Wed Feb 19 06:03:59 PST 2020,Wed Feb 19 06:12:43 PST 2020,Tue Mar 10 07:12:43 PDT 2020,,Tue Feb 25 14:00:30 PST 2020,X,524,0% (0/1),0% (0/1),0% (0/1),http://ec2-3-9-177-44.eu-west-2.compute.amazonaws.com/mturk,Geology,,X
69,34XASH8KLQM7XVI7SJUMA3YU9KCMPV,3POY5Z28G54OUWWVXVR7KIJZO3YSY0,"Conversational Search User Study (1$ per Topic, Manually Checked)",Search about a given topic and its subtopics.,"search task, session search",$1.00,Wed Feb 19 06:03:45 PST 2020,12,BatchId:3926170;OriginalHitTemplateId:928390855;,3600,1728000,Wed Feb 26 06:03:45 PST 2020,,,369J354OFDA2IZ29SM2JGHJ6OEKG6E,A1BWS5AD2T4NIR,Approved,Wed Feb 19 10:02:23 PST 2020,Wed Feb 19 10:18:31 PST 2020,Tue Mar 10 11:18:31 PDT 2020,Tue Feb 25 14:00:30 PST 2020,,,968,100% (1/1),100% (1/1),100% (1/1),http://ec2-3-9-177-44.eu-west-2.compute.amazonaws.com/mturk,European Union Law,X,
70,34XASH8KLQM7XVI7SJUMA3YU9KCMPV,3POY5Z28G54OUWWVXVR7KIJZO3YSY0,"Conversational Search User Study (1$ per Topic, Manually Checked)",Search about a given topic and its subtopics.,"search task, session search",$1.00,Wed Feb 19 06:03:45 PST 2020,12,BatchId:3926170;OriginalHitTemplateId:928390855;,3600,1728000,Wed Feb 26 06:03:45 PST 2020,,,37W3JXSD6680Y52FDA1TLBPNH7YYWG,A39GADIK8RLMVC,Approved,Wed Feb 19 06:13:27 PST 2020,Wed Feb 19 06:16:29 PST 2020,Tue Mar 10 07:16:29 PDT 2020,Tue Feb 25 14:00:30 PST 2020,,,182,100% (1/1),100% (1/1),100% (1/1),http://ec2-3-9-177-44.eu-west-2.compute.amazonaws.com/mturk,searching for information about the black death,,X
71,34XASH8KLQM7XVI7SJUMA3YU9KCMPV,3POY5Z28G54OUWWVXVR7KIJZO3YSY0,"Conversational Search User Study (1$ per Topic, Manually Checked)",Search about a given topic and its subtopics.,"search task, session search",$1.00,Wed Feb 19 06:03:45 PST 2020,12,BatchId:3926170;OriginalHitTemplateId:928390855;,3600,1728000,Wed Feb 26 06:03:45 PST 2020,,,39LOEL67OS5OS199QMSXH1QOQ0783E,A39VVWV1GHLMFD,Approved,Wed Feb 19 06:30:23 PST 2020,Wed Feb 19 06:51:50 PST 2020,Tue Mar 10 07:51:50 PDT 2020,Tue Feb 25 14:00:30 PST 2020,,,1287,100% (1/1),100% (1/1),100% (1/1),http://ec2-3-9-177-44.eu-west-2.compute.amazonaws.com/mturk,economics and economic inequality around the world,,X
72,34XASH8KLQM7XVI7SJUMA3YU9KCMPV,3POY5Z28G54OUWWVXVR7KIJZO3YSY0,"Conversational Search User Study (1$ per Topic, Manually Checked)",Search about a given topic and its subtopics.,"search task, session search",$1.00,Wed Feb 19 06:03:45 PST 2020,12,BatchId:3926170;OriginalHitTemplateId:928390855;,3600,1728000,Wed Feb 26 06:03:45 PST 2020,,,39RP059MEHT8GLFQZGHM42PVYWZBMK,ALMAI0EOCZWNM,Approved,Wed Feb 19 06:28:18 PST 2020,Wed Feb 19 06:44:37 PST 2020,Tue Mar 10 07:44:37 PDT 2020,Tue Feb 25 14:00:30 PST 2020,,,979,100% (1/1),100% (1/1),100% (1/1),http://ec2-3-9-177-44.eu-west-2.compute.amazonaws.com/mturk,Private Schools,X,
73,34XASH8KLQM7XVI7SJUMA3YU9KCMPV,3POY5Z28G54OUWWVXVR7KIJZO3YSY0,"Conversational Search User Study (1$ per Topic, Manually Checked)",Search about a given topic and its subtopics.,"search task, session search",$1.00,Wed Feb 19 06:03:45 PST 2020,12,BatchId:3926170;OriginalHitTemplateId:928390855;,3600,1728000,Wed Feb 26 06:03:45 PST 2020,,,3BV8HQ2ZZW1188P66MA9KV83SFH6AW,A2CHDWKAYZ3P3E,Submitted,Tue Feb 25 14:16:44 PST 2020,Tue Feb 25 14:37:19 PST 2020,Mon Mar 16 15:37:19 PDT 2020,,,,1235,0% (0/0),0% (0/0),0% (0/0),http://ec2-3-9-177-44.eu-west-2.compute.amazonaws.com/mturk,Intergovernmental Panel on Climate Change,,X
74,34XASH8KLQM7XVI7SJUMA3YU9KCMPV,3POY5Z28G54OUWWVXVR7KIJZO3YSY0,"Conversational Search User Study (1$ per Topic, Manually Checked)",Search about a given topic and its subtopics.,"search task, session search",$1.00,Wed Feb 19 06:03:45 PST 2020,12,BatchId:3926170;OriginalHitTemplateId:928390855;,3600,1728000,Wed Feb 26 06:03:45 PST 2020,,,3G5W44VEU7I9HENYUQWKQ0OOR7PGK2,A89HSG51VTPP0,Submitted,Tue Feb 25 16:03:32 PST 2020,Tue Feb 25 16:18:27 PST 2020,Mon Mar 16 17:18:27 PDT 2020,,,,895,0% (0/0),0% (0/0),0% (0/0),http://ec2-3-9-177-44.eu-west-2.compute.amazonaws.com/mturk,Conversational Search User Study,,X
75,34XASH8KLQM7XVI7SJUMA3YU9KCMPV,3POY5Z28G54OUWWVXVR7KIJZO3YSY0,"Conversational Search User Study (1$ per Topic, Manually Checked)",Search about a given topic and its subtopics.,"search task, session search",$1.00,Wed Feb 19 06:03:45 PST 2020,12,BatchId:3926170;OriginalHitTemplateId:928390855;,3600,1728000,Wed Feb 26 06:03:45 PST 2020,,,3HL8HNGX451JMI8CF9ZDI6AWDVK9F1,A248QG4DPULP46,Approved,Wed Feb 19 06:03:53 PST 2020,Wed Feb 19 06:18:09 PST 2020,Tue Mar 10 07:18:09 PDT 2020,Tue Feb 25 14:00:30 PST 2020,,,856,100% (1/1),100% (1/1),100% (1/1),http://ec2-3-9-177-44.eu-west-2.compute.amazonaws.com/mturk,Amazon Rainforest,X,
76,34XASH8KLQM7XVI7SJUMA3YU9KCMPV,3POY5Z28G54OUWWVXVR7KIJZO3YSY0,"Conversational Search User Study (1$ per Topic, Manually Checked)",Search about a given topic and its subtopics.,"search task, session search",$1.00,Wed Feb 19 06:03:45 PST 2020,12,BatchId:3926170;OriginalHitTemplateId:928390855;,3600,1728000,Wed Feb 26 06:03:45 PST 2020,,,3L70J4KAZGM0TH4LG9INQ1IV719DAY,A12J4IRF5Z06BT,Approved,Wed Feb 19 08:01:41 PST 2020,Wed Feb 19 08:46:54 PST 2020,Tue Mar 10 09:46:54 PDT 2020,Tue Feb 25 14:00:31 PST 2020,,,2713,100% (1/1),100% (1/1),100% (1/1),http://ec2-3-9-177-44.eu-west-2.compute.amazonaws.com/mturk,Immune System,X,
77,34XASH8KLQM7XVI7SJUMA3YU9KCMPV,3POY5Z28G54OUWWVXVR7KIJZO3YSY0,"Conversational Search User Study (1$ per Topic, Manually Checked)",Search about a given topic and its subtopics.,"search task, session search",$1.00,Wed Feb 19 06:03:45 PST 2020,12,BatchId:3926170;OriginalHitTemplateId:928390855;,3600,1728000,Wed Feb 26 06:03:45 PST 2020,,,3TK8OJTYM1LTA2A9WD0EMIDX6TTVP9,A2M6O2Z15SHWDQ,Approved,Wed Feb 19 06:15:21 PST 2020,Wed Feb 19 06:27:55 PST 2020,Tue Mar 10 07:27:55 PDT 2020,Tue Feb 25 14:00:31 PST 2020,,,754,100% (1/1),100% (1/1),100% (1/1),http://ec2-3-9-177-44.eu-west-2.compute.amazonaws.com/mturk,Black Death,X,
78,3LOJFQ4BOXF3IAFE2YQBVWP16WEKDA,3POY5Z28G54OUWWVXVR7KIJZO3YSY0,"Conversational Search User Study (1$ per Topic, Manually Checked)",Search about a given topic and its subtopics.,"search task, session search",$1.00,Wed Feb 19 06:03:45 PST 2020,12,BatchId:3926170;OriginalHitTemplateId:928390855;,3600,1728000,Wed Feb 26 06:03:45 PST 2020,,,3137ONMDKG56VEVOY4LHS5BJ570EGF,A2W8ZODKKQ7RYP,Approved,Wed Feb 19 06:59:59 PST 2020,Wed Feb 19 07:08:24 PST 2020,Tue Mar 10 08:08:24 PDT 2020,Tue Feb 25 14:00:31 PST 2020,,,505,100% (1/1),100% (1/1),100% (1/1),http://ec2-3-9-177-44.eu-west-2.compute.amazonaws.com/mturk,Harvard University,X,
79,3LOJFQ4BOXF3IAFE2YQBVWP16WEKDA,3POY5Z28G54OUWWVXVR7KIJZO3YSY0,"Conversational Search User Study (1$ per Topic, Manually Checked)",Search about a given topic and its subtopics.,"search task, session search",$1.00,Wed Feb 19 06:03:45 PST 2020,12,BatchId:3926170;OriginalHitTemplateId:928390855;,3600,1728000,Wed Feb 26 06:03:45 PST 2020,,,3180JW2OT4CGQXSWV9DHLOXMMB0J5H,A1P683LTPL4C68,Submitted,Tue Feb 25 19:07:44 PST 2020,Tue Feb 25 19:40:27 PST 2020,Mon Mar 16 20:40:27 PDT 2020,,,,1963,0% (0/0),0% (0/0),0% (0/0),http://ec2-3-9-177-44.eu-west-2.compute.amazonaws.com/mturk,European Union Law,X,
80,3LOJFQ4BOXF3IAFE2YQBVWP16WEKDA,3POY5Z28G54OUWWVXVR7KIJZO3YSY0,"Conversational Search User Study (1$ per Topic, Manually Checked)",Search about a given topic and its subtopics.,"search task, session search",$1.00,Wed Feb 19 06:03:45 PST 2020,12,BatchId:3926170;OriginalHitTemplateId:928390855;,3600,1728000,Wed Feb 26 06:03:45 PST 2020,,,38JBBYETQOAQJY2433JGJGEGF2RE4S,A3PVTAHBV33G82,Approved,Wed Feb 19 06:26:35 PST 2020,Wed Feb 19 06:31:51 PST 2020,Tue Mar 10 07:31:51 PDT 2020,Tue Feb 25 14:00:31 PST 2020,,,316,100% (1/1),100% (1/1),100% (1/1),http://ec2-3-9-177-44.eu-west-2.compute.amazonaws.com/mturk,Black Death,X,
81,3LOJFQ4BOXF3IAFE2YQBVWP16WEKDA,3POY5Z28G54OUWWVXVR7KIJZO3YSY0,"Conversational Search User Study (1$ per Topic, Manually Checked)",Search about a given topic and its subtopics.,"search task, session search",$1.00,Wed Feb 19 06:03:45 PST 2020,12,BatchId:3926170;OriginalHitTemplateId:928390855;,3600,1728000,Wed Feb 26 06:03:45 PST 2020,,,3DZQRBDBSLF6BLOI4KY2YSQP2VMS38,A24Y1NVEEY1ADM,Rejected,Wed Feb 19 08:00:58 PST 2020,Wed Feb 19 08:19:37 PST 2020,Tue Mar 10 09:19:37 PDT 2020,,Tue Feb 25 14:00:31 PST 2020,X,1119,0% (0/1),0% (0/1),0% (0/1),http://ec2-3-9-177-44.eu-west-2.compute.amazonaws.com/mturk,The average temperature of globe in 2019,,X
82,3LOJFQ4BOXF3IAFE2YQBVWP16WEKDA,3POY5Z28G54OUWWVXVR7KIJZO3YSY0,"Conversational Search User Study (1$ per Topic, Manually Checked)",Search about a given topic and its subtopics.,"search task, session search",$1.00,Wed Feb 19 06:03:45 PST 2020,12,BatchId:3926170;OriginalHitTemplateId:928390855;,3600,1728000,Wed Feb 26 06:03:45 PST 2020,,,3EFE17QCRC5L5TVHJ5N42MRZN2DSHU,AH31QLJ57XC8W,Submitted,Tue Feb 25 17:19:28 PST 2020,Tue Feb 25 17:36:12 PST 2020,Mon Mar 16 18:36:12 PDT 2020,,,,1004,0% (0/0),0% (0/0),0% (0/0),http://ec2-3-9-177-44.eu-west-2.compute.amazonaws.com/mturk,Intergovernmental Panel on Climate Change Activities,,X
83,3LOJFQ4BOXF3IAFE2YQBVWP16WEKDA,3POY5Z28G54OUWWVXVR7KIJZO3YSY0,"Conversational Search User Study (1$ per Topic, Manually Checked)",Search about a given topic and its subtopics.,"search task, session search",$1.00,Wed Feb 19 06:03:45 PST 2020,12,BatchId:3926170;OriginalHitTemplateId:928390855;,3600,1728000,Wed Feb 26 06:03:45 PST 2020,,,3KIBXJ1WD5UX9R4WI99SV9XQGQNOKW,A1PKCBFB4QY19G,Approved,Wed Feb 19 06:26:34 PST 2020,Wed Feb 19 06:31:47 PST 2020,Tue Mar 10 07:31:47 PDT 2020,Tue Feb 25 14:00:31 PST 2020,,,313,100% (1/1),100% (1/1),100% (1/1),http://ec2-3-9-177-44.eu-west-2.compute.amazonaws.com/mturk,Intergovernmental Panel on Climate Change,X,
84,3LOJFQ4BOXF3IAFE2YQBVWP16WEKDA,3POY5Z28G54OUWWVXVR7KIJZO3YSY0,"Conversational Search User Study (1$ per Topic, Manually Checked)",Search about a given topic and its subtopics.,"search task, session search",$1.00,Wed Feb 19 06:03:45 PST 2020,12,BatchId:3926170;OriginalHitTemplateId:928390855;,3600,1728000,Wed Feb 26 06:03:45 PST 2020,,,3OUYGIZWR7YDH19TTGCP1PN7CXH0PN,A2V4DP31BEVABF,Approved,Wed Feb 19 06:15:10 PST 2020,Wed Feb 19 07:01:42 PST 2020,Tue Mar 10 08:01:42 PDT 2020,Tue Feb 25 14:00:31 PST 2020,,,2792,100% (1/1),100% (1/1),100% (1/1),http://ec2-3-9-177-44.eu-west-2.compute.amazonaws.com/mturk,Geology,X,
85,3LOJFQ4BOXF3IAFE2YQBVWP16WEKDA,3POY5Z28G54OUWWVXVR7KIJZO3YSY0,"Conversational Search User Study (1$ per Topic, Manually Checked)",Search about a given topic and its subtopics.,"search task, session search",$1.00,Wed Feb 19 06:03:45 PST 2020,12,BatchId:3926170;OriginalHitTemplateId:928390855;,3600,1728000,Wed Feb 26 06:03:45 PST 2020,,,3T111IHZ5EQGP8DL64Z7ZVOFGJVR9E,A2Y5I2HJTRFR8H,Approved,Wed Feb 19 06:16:33 PST 2020,Wed Feb 19 06:30:54 PST 2020,Tue Mar 10 07:30:54 PDT 2020,Tue Feb 25 14:00:31 PST 2020,,,861,100% (1/1),100% (1/1),100% (1/1),http://ec2-3-9-177-44.eu-west-2.compute.amazonaws.com/mturk,Private Schools,X,
86,3LOJFQ4BOXF3IAFE2YQBVWP16WEKDA,3POY5Z28G54OUWWVXVR7KIJZO3YSY0,"Conversational Search User Study (1$ per Topic, Manually Checked)",Search about a given topic and its subtopics.,"search task, session search",$1.00,Wed Feb 19 06:03:45 PST 2020,12,BatchId:3926170;OriginalHitTemplateId:928390855;,3600,1728000,Wed Feb 26 06:03:45 PST 2020,,,3TVSS0C0E104HJ3L34EUDUX825DWTM,A1PTH9KTRO06EG,Approved,Wed Feb 19 06:05:53 PST 2020,Wed Feb 19 06:15:22 PST 2020,Tue Mar 10 07:15:22 PDT 2020,Tue Feb 25 14:00:31 PST 2020,,,569,100% (10/10),100% (10/10),100% (10/10),http://ec2-3-9-177-44.eu-west-2.compute.amazonaws.com/mturk,Harvard University,X,
87,3LOJFQ4BOXF3IAFE2YQBVWP16WEKDA,3POY5Z28G54OUWWVXVR7KIJZO3YSY0,"Conversational Search User Study (1$ per Topic, Manually Checked)",Search about a given topic and its subtopics.,"search task, session search",$1.00,Wed Feb 19 06:03:45 PST 2020,12,BatchId:3926170;OriginalHitTemplateId:928390855;,3600,1728000,Wed Feb 26 06:03:45 PST 2020,,,3X1FV8S5JXRNXPHATUARS9Z5523GVN,AK3H5QRAROFGP,Approved,Wed Feb 19 06:03:58 PST 2020,Wed Feb 19 06:58:50 PST 2020,Tue Mar 10 07:58:50 PDT 2020,Tue Feb 25 14:00:31 PST 2020,,,3292,100% (1/1),100% (1/1),100% (1/1),http://ec2-3-9-177-44.eu-west-2.compute.amazonaws.com/mturk,Black Death,X,
88,3LOJFQ4BOXF3IAFE2YQBVWP16WEKDA,3POY5Z28G54OUWWVXVR7KIJZO3YSY0,"Conversational Search User Study (1$ per Topic, Manually Checked)",Search about a given topic and its subtopics.,"search task, session search",$1.00,Wed Feb 19 06:03:45 PST 2020,12,BatchId:3926170;OriginalHitTemplateId:928390855;,3600,1728000,Wed Feb 26 06:03:45 PST 2020,,,3YMTUJH0DSGS8HK1TY8BI2EHIDW4TS,A2GR3333S2F53G,Rejected,Wed Feb 19 06:51:56 PST 2020,Wed Feb 19 07:26:16 PST 2020,Tue Mar 10 08:26:16 PDT 2020,,Tue Feb 25 14:00:31 PST 2020,X,2060,0% (0/1),0% (0/1),0% (0/1),http://ec2-3-9-177-44.eu-west-2.compute.amazonaws.com/mturk,"European Union Law, Oxygen, Economic Inequality",,X
89,3LOJFQ4BOXF3IAFE2YQBVWP16WEKDA,3POY5Z28G54OUWWVXVR7KIJZO3YSY0,"Conversational Search User Study (1$ per Topic, Manually Checked)",Search about a given topic and its subtopics.,"search task, session search",$1.00,Wed Feb 19 06:03:45 PST 2020,12,BatchId:3926170;OriginalHitTemplateId:928390855;,3600,1728000,Wed Feb 26 06:03:45 PST 2020,,,3YOH7BII097SZBDTJLV6Q1RYCJKVK5,A1XKL37QKFITT1,Approved,Wed Feb 19 06:05:22 PST 2020,Wed Feb 19 06:13:05 PST 2020,Tue Mar 10 07:13:05 PDT 2020,Tue Feb 25 14:00:31 PST 2020,,,463,100% (1/1),100% (1/1),100% (1/1),http://ec2-3-9-177-44.eu-west-2.compute.amazonaws.com/mturk,Geology,X,
90,3ABAOCJ4R84SX7JMSW9BA8O4EGYMQM,3POY5Z28G54OUWWVXVR7KIJZO3YSY0,"Conversational Search User Study (1$ per Topic, Manually Checked)",Search about a given topic and its subtopics.,"search task, session search",$1.00,Wed Feb 19 06:03:45 PST 2020,13,BatchId:3926170;OriginalHitTemplateId:928390855;,3600,1728000,Wed Feb 26 06:03:45 PST 2020,,,35GMH2SV3EHUNRCMMNYPXEKLWTREO2,A2R89RXGEVG05I,Approved,Wed Feb 19 06:04:00 PST 2020,Wed Feb 19 06:15:43 PST 2020,Tue Mar 10 07:15:43 PDT 2020,Tue Feb 25 14:00:31 PST 2020,,,703,100% (1/1),100% (1/1),100% (1/1),http://ec2-3-9-177-44.eu-west-2.compute.amazonaws.com/mturk,Amazon Rainforest,X,
91,3ABAOCJ4R84SX7JMSW9BA8O4EGYMQM,3POY5Z28G54OUWWVXVR7KIJZO3YSY0,"Conversational Search User Study (1$ per Topic, Manually Checked)",Search about a given topic and its subtopics.,"search task, session search",$1.00,Wed Feb 19 06:03:45 PST 2020,13,BatchId:3926170;OriginalHitTemplateId:928390855;,3600,1728000,Wed Feb 26 06:03:45 PST 2020,,,3C44YUNSI1P7GLAN5S0KGW7Q8MQPD7,A2M55RDN9UDPXJ,Submitted,Tue Feb 25 14:41:18 PST 2020,Tue Feb 25 15:04:41 PST 2020,Mon Mar 16 16:04:41 PDT 2020,,,,1403,0% (0/0),0% (0/0),0% (0/0),http://ec2-3-9-177-44.eu-west-2.compute.amazonaws.com/mturk,normans,X,
92,3ABAOCJ4R84SX7JMSW9BA8O4EGYMQM,3POY5Z28G54OUWWVXVR7KIJZO3YSY0,"Conversational Search User Study (1$ per Topic, Manually Checked)",Search about a given topic and its subtopics.,"search task, session search",$1.00,Wed Feb 19 06:03:45 PST 2020,13,BatchId:3926170;OriginalHitTemplateId:928390855;,3600,1728000,Wed Feb 26 06:03:45 PST 2020,,,3DH6GAKTYYP4S07KOXL0KFJ5YBPYZX,AWJUGWPCUGKEG,Rejected,Wed Feb 19 08:13:36 PST 2020,Wed Feb 19 08:15:33 PST 2020,Tue Mar 10 09:15:33 PDT 2020,,Tue Feb 25 14:00:31 PST 2020,X,117,0% (0/4),0% (0/4),0% (0/4),http://ec2-3-9-177-44.eu-west-2.compute.amazonaws.com/mturk,Intergovernmental Panel on Climate Change,,X
93,3ABAOCJ4R84SX7JMSW9BA8O4EGYMQM,3POY5Z28G54OUWWVXVR7KIJZO3YSY0,"Conversational Search User Study (1$ per Topic, Manually Checked)",Search about a given topic and its subtopics.,"search task, session search",$1.00,Wed Feb 19 06:03:45 PST 2020,13,BatchId:3926170;OriginalHitTemplateId:928390855;,3600,1728000,Wed Feb 26 06:03:45 PST 2020,,,3DL65MZB8DFTE2FJWIPY2EQ47F8EC5,A1PTH9KTRO06EG,Approved,Wed Feb 19 06:06:56 PST 2020,Wed Feb 19 06:20:04 PST 2020,Tue Mar 10 07:20:04 PDT 2020,Tue Feb 25 14:00:31 PST 2020,,,788,100% (10/10),100% (10/10),100% (10/10),http://ec2-3-9-177-44.eu-west-2.compute.amazonaws.com/mturk,Intergovernmental Panel on Climate Change,X,
94,3ABAOCJ4R84SX7JMSW9BA8O4EGYMQM,3POY5Z28G54OUWWVXVR7KIJZO3YSY0,"Conversational Search User Study (1$ per Topic, Manually Checked)",Search about a given topic and its subtopics.,"search task, session search",$1.00,Wed Feb 19 06:03:45 PST 2020,13,BatchId:3926170;OriginalHitTemplateId:928390855;,3600,1728000,Wed Feb 26 06:03:45 PST 2020,,,3EJJQNKU9R594EV44GNZCCM3ZW3RH4,AOWLCXNXCSQAC,Rejected,Wed Feb 19 06:58:36 PST 2020,Wed Feb 19 07:13:49 PST 2020,Tue Mar 10 08:13:49 PDT 2020,,Tue Feb 25 12:59:00 PST 2020,he tried to cheat the system.,913,0% (0/3),0% (0/3),0% (0/3),http://ec2-3-9-177-44.eu-west-2.compute.amazonaws.com/mturk,Oxygen,,X
95,3ABAOCJ4R84SX7JMSW9BA8O4EGYMQM,3POY5Z28G54OUWWVXVR7KIJZO3YSY0,"Conversational Search User Study (1$ per Topic, Manually Checked)",Search about a given topic and its subtopics.,"search task, session search",$1.00,Wed Feb 19 06:03:45 PST 2020,13,BatchId:3926170;OriginalHitTemplateId:928390855;,3600,1728000,Wed Feb 26 06:03:45 PST 2020,,,3KIBXJ1WD5UX9R4WI99SV9XQIRSKO1,A29ZQYDG9Q6TPK,Submitted,Tue Feb 25 14:19:04 PST 2020,Tue Feb 25 14:34:10 PST 2020,Mon Mar 16 15:34:10 PDT 2020,,,,906,0% (0/0),0% (0/0),0% (0/0),http://ec2-3-9-177-44.eu-west-2.compute.amazonaws.com/mturk,Economic Inequality,,X
96,3ABAOCJ4R84SX7JMSW9BA8O4EGYMQM,3POY5Z28G54OUWWVXVR7KIJZO3YSY0,"Conversational Search User Study (1$ per Topic, Manually Checked)",Search about a given topic and its subtopics.,"search task, session search",$1.00,Wed Feb 19 06:03:45 PST 2020,13,BatchId:3926170;OriginalHitTemplateId:928390855;,3600,1728000,Wed Feb 26 06:03:45 PST 2020,,,3MH9DQ757WCNKASAO40MWNXMR62UG6,A1TCURESP0T0NM,Approved,Wed Feb 19 13:15:43 PST 2020,Wed Feb 19 13:55:10 PST 2020,Tue Mar 10 14:55:10 PDT 2020,Tue Feb 25 14:00:32 PST 2020,,,2367,100% (1/1),100% (1/1),100% (1/1),http://ec2-3-9-177-44.eu-west-2.compute.amazonaws.com/mturk,Economic Inequality,X,
97,3ABAOCJ4R84SX7JMSW9BA8O4EGYMQM,3POY5Z28G54OUWWVXVR7KIJZO3YSY0,"Conversational Search User Study (1$ per Topic, Manually Checked)",Search about a given topic and its subtopics.,"search task, session search",$1.00,Wed Feb 19 06:03:45 PST 2020,13,BatchId:3926170;OriginalHitTemplateId:928390855;,3600,1728000,Wed Feb 26 06:03:45 PST 2020,,,3N1FSUEFL50LRSO4788WDYWVFRKD4U,A2PH5T3HCCCXIN,Rejected,Wed Feb 19 07:16:46 PST 2020,Wed Feb 19 07:34:27 PST 2020,Tue Mar 10 08:34:27 PDT 2020,,Tue Feb 25 14:00:31 PST 2020,X,1061,0% (0/1),0% (0/1),0% (0/1),http://ec2-3-9-177-44.eu-west-2.compute.amazonaws.com/mturk,Intergovernmental Panel on Climate Change (IPCC),,X
98,3ABAOCJ4R84SX7JMSW9BA8O4EGYMQM,3POY5Z28G54OUWWVXVR7KIJZO3YSY0,"Conversational Search User Study (1$ per Topic, Manually Checked)",Search about a given topic and its subtopics.,"search task, session search",$1.00,Wed Feb 19 06:03:45 PST 2020,13,BatchId:3926170;OriginalHitTemplateId:928390855;,3600,1728000,Wed Feb 26 06:03:45 PST 2020,,,3OXV7EAXLEQ1ONQLX7VZXNUXK5K63T,A1G452MFAS690B,Approved,Wed Feb 19 06:38:47 PST 2020,Wed Feb 19 06:47:33 PST 2020,Tue Mar 10 07:47:33 PDT 2020,Tue Feb 25 14:00:32 PST 2020,,,526,100% (1/1),100% (1/1),100% (1/1),http://ec2-3-9-177-44.eu-west-2.compute.amazonaws.com/mturk,Geology,X,
99,3ABAOCJ4R84SX7JMSW9BA8O4EGYMQM,3POY5Z28G54OUWWVXVR7KIJZO3YSY0,"Conversational Search User Study (1$ per Topic, Manually Checked)",Search about a given topic and its subtopics.,"search task, session search",$1.00,Wed Feb 19 06:03:45 PST 2020,13,BatchId:3926170;OriginalHitTemplateId:928390855;,3600,1728000,Wed Feb 26 06:03:45 PST 2020,,,3PJUZCGDJ6GA73YP7VT78ETAQSM890,A3OB6REG5CGHK1,Approved,Wed Feb 19 06:45:07 PST 2020,Wed Feb 19 06:53:46 PST 2020,Tue Mar 10 07:53:46 PDT 2020,Tue Feb 25 14:00:32 PST 2020,,,519,100% (1/1),100% (1/1),100% (1/1),http://ec2-3-9-177-44.eu-west-2.compute.amazonaws.com/mturk,Geology,X,
100,3ABAOCJ4R84SX7JMSW9BA8O4EGYMQM,3POY5Z28G54OUWWVXVR7KIJZO3YSY0,"Conversational Search User Study (1$ per Topic, Manually Checked)",Search about a given topic and its subtopics.,"search task, session search",$1.00,Wed Feb 19 06:03:45 PST 2020,13,BatchId:3926170;OriginalHitTemplateId:928390855;,3600,1728000,Wed Feb 26 06:03:45 PST 2020,,,3V5Q80FXIXRD6M7KA5JW7ADL61L32G,A2JW59JRBWUMR2,Submitted,Tue Feb 25 15:02:57 PST 2020,Tue Feb 25 15:41:24 PST 2020,Mon Mar 16 16:41:24 PDT 2020,,,,2307,0% (0/1),0% (0/1),0% (0/1),http://ec2-3-9-177-44.eu-west-2.compute.amazonaws.com/mturk,European Union Law,,X
101,3ABAOCJ4R84SX7JMSW9BA8O4EGYMQM,3POY5Z28G54OUWWVXVR7KIJZO3YSY0,"Conversational Search User Study (1$ per Topic, Manually Checked)",Search about a given topic and its subtopics.,"search task, session search",$1.00,Wed Feb 19 06:03:45 PST 2020,13,BatchId:3926170;OriginalHitTemplateId:928390855;,3600,1728000,Wed Feb 26 06:03:45 PST 2020,,,3W8CV64QJ2Z30EZIAZNDLRM9TBD9HH,A1RH3X41J9J05R,Approved,Wed Feb 19 06:47:36 PST 2020,Wed Feb 19 06:56:01 PST 2020,Tue Mar 10 07:56:01 PDT 2020,Tue Feb 25 14:00:32 PST 2020,,,505,100% (1/1),100% (1/1),100% (1/1),http://ec2-3-9-177-44.eu-west-2.compute.amazonaws.com/mturk,Economic Inequality,X,
102,3ABAOCJ4R84SX7JMSW9BA8O4EGYMQM,3POY5Z28G54OUWWVXVR7KIJZO3YSY0,"Conversational Search User Study (1$ per Topic, Manually Checked)",Search about a given topic and its subtopics.,"search task, session search",$1.00,Wed Feb 19 06:03:45 PST 2020,13,BatchId:3926170;OriginalHitTemplateId:928390855;,3600,1728000,Wed Feb 26 06:03:45 PST 2020,,,3XM0HYN6NKZC8RON1NB4MEPB6YNEPJ,A2V66KLFVJTLKC,Approved,Wed Feb 19 06:04:00 PST 2020,Wed Feb 19 06:17:40 PST 2020,Tue Mar 10 07:17:40 PDT 2020,Tue Feb 25 14:00:32 PST 2020,,,820,100% (1/1),100% (1/1),100% (1/1),http://ec2-3-9-177-44.eu-west-2.compute.amazonaws.com/mturk,Black Death,X,
103,3VADEH0UHCXAVQVCCGQ8MCX019UPSA,3POY5Z28G54OUWWVXVR7KIJZO3YSY0,"Conversational Search User Study (1$ per Topic, Manually Checked)",Search about a given topic and its subtopics.,"search task, session search",$1.00,Wed Feb 19 06:03:45 PST 2020,14,BatchId:3926170;OriginalHitTemplateId:928390855;,3600,1728000,Wed Feb 26 06:03:45 PST 2020,,,31QTRG6Q2TDAEW5E1ONYTHHROB1PYK,A7O82NXM2PI12,Approved,Wed Feb 19 06:29:00 PST 2020,Wed Feb 19 07:24:02 PST 2020,Tue Mar 10 08:24:02 PDT 2020,Tue Feb 25 14:00:32 PST 2020,,,3302,100% (1/1),100% (1/1),100% (1/1),http://ec2-3-9-177-44.eu-west-2.compute.amazonaws.com/mturk,Oxygen,X,
104,3VADEH0UHCXAVQVCCGQ8MCX019UPSA,3POY5Z28G54OUWWVXVR7KIJZO3YSY0,"Conversational Search User Study (1$ per Topic, Manually Checked)",Search about a given topic and its subtopics.,"search task, session search",$1.00,Wed Feb 19 06:03:45 PST 2020,14,BatchId:3926170;OriginalHitTemplateId:928390855;,3600,1728000,Wed Feb 26 06:03:45 PST 2020,,,37UQDCYH6XV44W690R6XMWMC6ZN7VE,A1PVBXVZ1L7AN9,Rejected,Wed Feb 19 06:20:01 PST 2020,Wed Feb 19 06:30:46 PST 2020,Tue Mar 10 07:30:46 PDT 2020,,Tue Feb 25 14:00:32 PST 2020,X,645,0% (0/1),0% (0/1),0% (0/1),http://ec2-3-9-177-44.eu-west-2.compute.amazonaws.com/mturk,Amazon rainforest,,X
105,3VADEH0UHCXAVQVCCGQ8MCX019UPSA,3POY5Z28G54OUWWVXVR7KIJZO3YSY0,"Conversational Search User Study (1$ per Topic, Manually Checked)",Search about a given topic and its subtopics.,"search task, session search",$1.00,Wed Feb 19 06:03:45 PST 2020,14,BatchId:3926170;OriginalHitTemplateId:928390855;,3600,1728000,Wed Feb 26 06:03:45 PST 2020,,,39K0FND3AHF3XBAYT2HQ9R5PIFGMA6,A3DCRZTX0HIHBJ,Submitted,Tue Feb 25 14:42:11 PST 2020,Tue Feb 25 14:55:57 PST 2020,Mon Mar 16 15:55:57 PDT 2020,,,,826,0% (0/0),0% (0/0),0% (0/0),http://ec2-3-9-177-44.eu-west-2.compute.amazonaws.com/mturk,Normans,X,
106,3VADEH0UHCXAVQVCCGQ8MCX019UPSA,3POY5Z28G54OUWWVXVR7KIJZO3YSY0,"Conversational Search User Study (1$ per Topic, Manually Checked)",Search about a given topic and its subtopics.,"search task, session search",$1.00,Wed Feb 19 06:03:45 PST 2020,14,BatchId:3926170;OriginalHitTemplateId:928390855;,3600,1728000,Wed Feb 26 06:03:45 PST 2020,,,3C5W7UE9CFQFTOIR4C94TZGNJ39XMB,AXQKGVWRFYMM,Submitted,Tue Feb 25 17:03:49 PST 2020,Tue Feb 25 17:44:20 PST 2020,Mon Mar 16 18:44:20 PDT 2020,,,,2431,0% (0/0),0% (0/0),0% (0/0),http://ec2-3-9-177-44.eu-west-2.compute.amazonaws.com/mturk,Black Death,X,
107,3VADEH0UHCXAVQVCCGQ8MCX019UPSA,3POY5Z28G54OUWWVXVR7KIJZO3YSY0,"Conversational Search User Study (1$ per Topic, Manually Checked)",Search about a given topic and its subtopics.,"search task, session search",$1.00,Wed Feb 19 06:03:45 PST 2020,14,BatchId:3926170;OriginalHitTemplateId:928390855;,3600,1728000,Wed Feb 26 06:03:45 PST 2020,,,3EA3QWIZ4IVMGOJGENAFC3O0NWQTIR,AOWLCXNXCSQAC,Rejected,Wed Feb 19 07:48:47 PST 2020,Wed Feb 19 08:22:25 PST 2020,Tue Mar 10 09:22:25 PDT 2020,,Tue Feb 25 12:59:03 PST 2020,he tried to cheat the system.,2018,0% (0/3),0% (0/3),0% (0/3),http://ec2-3-9-177-44.eu-west-2.compute.amazonaws.com/mturk,Economic Inequality,,X
108,3VADEH0UHCXAVQVCCGQ8MCX019UPSA,3POY5Z28G54OUWWVXVR7KIJZO3YSY0,"Conversational Search User Study (1$ per Topic, Manually Checked)",Search about a given topic and its subtopics.,"search task, session search",$1.00,Wed Feb 19 06:03:45 PST 2020,14,BatchId:3926170;OriginalHitTemplateId:928390855;,3600,1728000,Wed Feb 26 06:03:45 PST 2020,,,3EG49X351UCD4LXZHW2N43J1TZCX6B,A1T0S48O0CMXBC,Submitted,Tue Feb 25 14:08:22 PST 2020,Tue Feb 25 14:31:12 PST 2020,Mon Mar 16 15:31:12 PDT 2020,,,,1370,0% (0/0),0% (0/0),0% (0/0),http://ec2-3-9-177-44.eu-west-2.compute.amazonaws.com/mturk,Black Death,X,
109,3VADEH0UHCXAVQVCCGQ8MCX019UPSA,3POY5Z28G54OUWWVXVR7KIJZO3YSY0,"Conversational Search User Study (1$ per Topic, Manually Checked)",Search about a given topic and its subtopics.,"search task, session search",$1.00,Wed Feb 19 06:03:45 PST 2020,14,BatchId:3926170;OriginalHitTemplateId:928390855;,3600,1728000,Wed Feb 26 06:03:45 PST 2020,,,3GNCZX450IN9IE7BLI9IQVZKLMBPAR,AB09F0Q4T10TE,Approved,Wed Feb 19 09:04:31 PST 2020,Wed Feb 19 09:32:53 PST 2020,Tue Mar 10 10:32:53 PDT 2020,Tue Feb 25 14:00:32 PST 2020,,,1702,100% (1/1),100% (1/1),100% (1/1),http://ec2-3-9-177-44.eu-west-2.compute.amazonaws.com/mturk,Normans,X,
110,3VADEH0UHCXAVQVCCGQ8MCX019UPSA,3POY5Z28G54OUWWVXVR7KIJZO3YSY0,"Conversational Search User Study (1$ per Topic, Manually Checked)",Search about a given topic and its subtopics.,"search task, session search",$1.00,Wed Feb 19 06:03:45 PST 2020,14,BatchId:3926170;OriginalHitTemplateId:928390855;,3600,1728000,Wed Feb 26 06:03:45 PST 2020,,,3HRMW88U16Q7WYCG10KXKLTC9RX0MI,A2CTA782EBXUCT,Submitted,Tue Feb 25 13:10:22 PST 2020,Tue Feb 25 13:34:22 PST 2020,Mon Mar 16 14:34:22 PDT 2020,,,,1440,0% (0/0),0% (0/0),0% (0/0),http://ec2-3-9-177-44.eu-west-2.compute.amazonaws.com/mturk,Private Schools,X,
111,3VADEH0UHCXAVQVCCGQ8MCX019UPSA,3POY5Z28G54OUWWVXVR7KIJZO3YSY0,"Conversational Search User Study (1$ per Topic, Manually Checked)",Search about a given topic and its subtopics.,"search task, session search",$1.00,Wed Feb 19 06:03:45 PST 2020,14,BatchId:3926170;OriginalHitTemplateId:928390855;,3600,1728000,Wed Feb 26 06:03:45 PST 2020,,,3IXQG4FA2TYT91WWA7DHZGJBYXS9BJ,A311A0TCGNTFKK,Rejected,Wed Feb 19 06:03:51 PST 2020,Wed Feb 19 06:14:25 PST 2020,Tue Mar 10 07:14:25 PDT 2020,,Tue Feb 25 14:00:32 PST 2020,X,634,0% (0/1),0% (0/1),0% (0/1),http://ec2-3-9-177-44.eu-west-2.compute.amazonaws.com/mturk,Amazon Rainforest,,X
112,3VADEH0UHCXAVQVCCGQ8MCX019UPSA,3POY5Z28G54OUWWVXVR7KIJZO3YSY0,"Conversational Search User Study (1$ per Topic, Manually Checked)",Search about a given topic and its subtopics.,"search task, session search",$1.00,Wed Feb 19 06:03:45 PST 2020,14,BatchId:3926170;OriginalHitTemplateId:928390855;,3600,1728000,Wed Feb 26 06:03:45 PST 2020,,,3LEP4MGT3G05CR9DMNIJLC21PI7BD2,A1WH32GYQOHIRQ,Approved,Wed Feb 19 06:03:50 PST 2020,Wed Feb 19 06:14:36 PST 2020,Tue Mar 10 07:14:36 PDT 2020,Tue Feb 25 14:00:32 PST 2020,,,646,100% (1/1),100% (1/1),100% (1/1),http://ec2-3-9-177-44.eu-west-2.compute.amazonaws.com/mturk,Amazon Rainforest,X,
113,3VADEH0UHCXAVQVCCGQ8MCX019UPSA,3POY5Z28G54OUWWVXVR7KIJZO3YSY0,"Conversational Search User Study (1$ per Topic, Manually Checked)",Search about a given topic and its subtopics.,"search task, session search",$1.00,Wed Feb 19 06:03:45 PST 2020,14,BatchId:3926170;OriginalHitTemplateId:928390855;,3600,1728000,Wed Feb 26 06:03:45 PST 2020,,,3P1L2B7AD1P8TXME39LTA9A55QSOLZ,A3P7QP6K56ED2Z,Rejected,Wed Feb 19 07:05:45 PST 2020,Wed Feb 19 07:20:53 PST 2020,Tue Mar 10 08:20:53 PDT 2020,,Tue Feb 25 13:07:28 PST 2020,He tried to cheat the system.,908,0% (0/2),0% (0/2),0% (0/2),http://ec2-3-9-177-44.eu-west-2.compute.amazonaws.com/mturk,Black Death,,X
114,3VADEH0UHCXAVQVCCGQ8MCX019UPSA,3POY5Z28G54OUWWVXVR7KIJZO3YSY0,"Conversational Search User Study (1$ per Topic, Manually Checked)",Search about a given topic and its subtopics.,"search task, session search",$1.00,Wed Feb 19 06:03:45 PST 2020,14,BatchId:3926170;OriginalHitTemplateId:928390855;,3600,1728000,Wed Feb 26 06:03:45 PST 2020,,,3R2UR8A0IAG3TR33HSOHL35SC19XO5,A2NXHJ905WLGAA,Approved,Wed Feb 19 08:42:09 PST 2020,Wed Feb 19 08:45:39 PST 2020,Tue Mar 10 09:45:39 PDT 2020,Tue Feb 25 14:00:32 PST 2020,,,210,100% (1/1),100% (1/1),100% (1/1),http://ec2-3-9-177-44.eu-west-2.compute.amazonaws.com/mturk,Normans,X,
115,3VADEH0UHCXAVQVCCGQ8MCX019UPSA,3POY5Z28G54OUWWVXVR7KIJZO3YSY0,"Conversational Search User Study (1$ per Topic, Manually Checked)",Search about a given topic and its subtopics.,"search task, session search",$1.00,Wed Feb 19 06:03:45 PST 2020,14,BatchId:3926170;OriginalHitTemplateId:928390855;,3600,1728000,Wed Feb 26 06:03:45 PST 2020,,,3TR2532VIPUC91SA0SNMDUBMG1TJ63,A1PTH9KTRO06EG,Approved,Wed Feb 19 06:15:21 PST 2020,Wed Feb 19 06:46:27 PST 2020,Tue Mar 10 07:46:27 PDT 2020,Tue Feb 25 14:00:33 PST 2020,,,1866,100% (10/10),100% (10/10),100% (10/10),http://ec2-3-9-177-44.eu-west-2.compute.amazonaws.com/mturk,Normans,X,
116,3VADEH0UHCXAVQVCCGQ8MCX019UPSA,3POY5Z28G54OUWWVXVR7KIJZO3YSY0,"Conversational Search User Study (1$ per Topic, Manually Checked)",Search about a given topic and its subtopics.,"search task, session search",$1.00,Wed Feb 19 06:03:45 PST 2020,14,BatchId:3926170;OriginalHitTemplateId:928390855;,3600,1728000,Wed Feb 26 06:03:45 PST 2020,,,3YHH42UU5BFNQGUV1OJIK8EN7OJ0LU,A1ZAY9U4ZP3GDN,Approved,Wed Feb 19 06:21:43 PST 2020,Wed Feb 19 06:53:23 PST 2020,Tue Mar 10 07:53:23 PDT 2020,Tue Feb 25 14:00:33 PST 2020,,,1900,100% (1/1),100% (1/1),100% (1/1),http://ec2-3-9-177-44.eu-west-2.compute.amazonaws.com/mturk,Harvard University,X,
117,33W1NHWFYHL5OUAXOPT0NFV0DRFZTU,3POY5Z28G54OUWWVXVR7KIJZO3YSY0,"Conversational Search User Study (1$ per Topic, Manually Checked)",Search about a given topic and its subtopics.,"search task, session search",$1.00,Wed Feb 19 06:03:45 PST 2020,11,BatchId:3926170;OriginalHitTemplateId:928390855;,3600,1728000,Wed Feb 26 06:03:45 PST 2020,,,37TRT2X24QRIFD95WJ4UOAXEU24BJG,A320QA9HJFUOZO,Approved,Wed Feb 19 06:03:54 PST 2020,Wed Feb 19 07:02:54 PST 2020,Tue Mar 10 08:02:54 PDT 2020,Tue Feb 25 14:00:33 PST 2020,,,3540,100% (1/1),100% (1/1),100% (1/1),http://ec2-3-9-177-44.eu-west-2.compute.amazonaws.com/mturk,Economic Inequality,X,
118,33W1NHWFYHL5OUAXOPT0NFV0DRFZTU,3POY5Z28G54OUWWVXVR7KIJZO3YSY0,"Conversational Search User Study (1$ per Topic, Manually Checked)",Search about a given topic and its subtopics.,"search task, session search",$1.00,Wed Feb 19 06:03:45 PST 2020,11,BatchId:3926170;OriginalHitTemplateId:928390855;,3600,1728000,Wed Feb 26 06:03:45 PST 2020,,,38BQUHLA9W0SZF4Z3LM8AMPU5VIOM1,A2S64AUN7JI7ZS,Rejected,Wed Feb 19 07:04:32 PST 2020,Wed Feb 19 07:39:05 PST 2020,Tue Mar 10 08:39:05 PDT 2020,,Tue Feb 25 14:00:33 PST 2020,X,2073,0% (0/2),0% (0/2),0% (0/2),http://ec2-3-9-177-44.eu-west-2.compute.amazonaws.com/mturk,European Union Law,,X
119,33W1NHWFYHL5OUAXOPT0NFV0DRFZTU,3POY5Z28G54OUWWVXVR7KIJZO3YSY0,"Conversational Search User Study (1$ per Topic, Manually Checked)",Search about a given topic and its subtopics.,"search task, session search",$1.00,Wed Feb 19 06:03:45 PST 2020,11,BatchId:3926170;OriginalHitTemplateId:928390855;,3600,1728000,Wed Feb 26 06:03:45 PST 2020,,,3B1NLC6UGZWAS5KE7I1SMHANJE2GP2,A16Z9FSSF1X74O,Approved,Wed Feb 19 06:03:55 PST 2020,Wed Feb 19 06:52:51 PST 2020,Tue Mar 10 07:52:51 PDT 2020,Tue Feb 25 14:00:33 PST 2020,,,2936,100% (1/1),100% (1/1),100% (1/1),http://ec2-3-9-177-44.eu-west-2.compute.amazonaws.com/mturk,Amazon Rainforest,X,
120,33W1NHWFYHL5OUAXOPT0NFV0DRFZTU,3POY5Z28G54OUWWVXVR7KIJZO3YSY0,"Conversational Search User Study (1$ per Topic, Manually Checked)",Search about a given topic and its subtopics.,"search task, session search",$1.00,Wed Feb 19 06:03:45 PST 2020,11,BatchId:3926170;OriginalHitTemplateId:928390855;,3600,1728000,Wed Feb 26 06:03:45 PST 2020,,,3DIP6YHAPCSR2ZP6F69T0SULHONE8Z,A1IQUHRI7G63YF,Approved,Wed Feb 19 08:04:44 PST 2020,Wed Feb 19 08:22:45 PST 2020,Tue Mar 10 09:22:45 PDT 2020,Tue Feb 25 14:00:35 PST 2020,,,1081,100% (1/1),100% (1/1),100% (1/1),http://ec2-3-9-177-44.eu-west-2.compute.amazonaws.com/mturk,Oxygen,X,
121,33W1NHWFYHL5OUAXOPT0NFV0DRFZTU,3POY5Z28G54OUWWVXVR7KIJZO3YSY0,"Conversational Search User Study (1$ per Topic, Manually Checked)",Search about a given topic and its subtopics.,"search task, session search",$1.00,Wed Feb 19 06:03:45 PST 2020,11,BatchId:3926170;OriginalHitTemplateId:928390855;,3600,1728000,Wed Feb 26 06:03:45 PST 2020,,,3DL65MZB8DFTE2FJWIPY2EQ47FCEC9,A3EZ3BRM1C5WKV,Approved,Wed Feb 19 06:42:32 PST 2020,Wed Feb 19 07:11:06 PST 2020,Tue Mar 10 08:11:06 PDT 2020,Tue Feb 25 14:00:35 PST 2020,,,1714,100% (1/1),100% (1/1),100% (1/1),http://ec2-3-9-177-44.eu-west-2.compute.amazonaws.com/mturk,"Normans culture, rulers, military campaigns and conquests.",,X
122,33W1NHWFYHL5OUAXOPT0NFV0DRFZTU,3POY5Z28G54OUWWVXVR7KIJZO3YSY0,"Conversational Search User Study (1$ per Topic, Manually Checked)",Search about a given topic and its subtopics.,"search task, session search",$1.00,Wed Feb 19 06:03:45 PST 2020,11,BatchId:3926170;OriginalHitTemplateId:928390855;,3600,1728000,Wed Feb 26 06:03:45 PST 2020,,,3HPZF4IVNMTRK7WAWJ1S9HIKPS0YCT,A38VMTKS30TQZB,Approved,Wed Feb 19 07:05:03 PST 2020,Wed Feb 19 07:16:19 PST 2020,Tue Mar 10 08:16:19 PDT 2020,Tue Feb 25 14:00:35 PST 2020,,,676,100% (1/1),100% (1/1),100% (1/1),http://ec2-3-9-177-44.eu-west-2.compute.amazonaws.com/mturk,Immunology,,X
123,33W1NHWFYHL5OUAXOPT0NFV0DRFZTU,3POY5Z28G54OUWWVXVR7KIJZO3YSY0,"Conversational Search User Study (1$ per Topic, Manually Checked)",Search about a given topic and its subtopics.,"search task, session search",$1.00,Wed Feb 19 06:03:45 PST 2020,11,BatchId:3926170;OriginalHitTemplateId:928390855;,3600,1728000,Wed Feb 26 06:03:45 PST 2020,,,3HVVDCPGTES86OYLI5WIYRIODDDTYI,A107RJSS561Y7R,Approved,Wed Feb 19 06:03:58 PST 2020,Wed Feb 19 06:31:47 PST 2020,Tue Mar 10 07:31:47 PDT 2020,Tue Feb 25 14:00:35 PST 2020,,,1669,100% (1/1),100% (1/1),100% (1/1),http://ec2-3-9-177-44.eu-west-2.compute.amazonaws.com/mturk,Amazon Rainforest,X,
124,33W1NHWFYHL5OUAXOPT0NFV0DRFZTU,3POY5Z28G54OUWWVXVR7KIJZO3YSY0,"Conversational Search User Study (1$ per Topic, Manually Checked)",Search about a given topic and its subtopics.,"search task, session search",$1.00,Wed Feb 19 06:03:45 PST 2020,11,BatchId:3926170;OriginalHitTemplateId:928390855;,3600,1728000,Wed Feb 26 06:03:45 PST 2020,,,3I7DHKZYGN00LV60CJMW6Q5UT065FF,A23TGEQ4CG90PA,Submitted,Tue Feb 25 14:11:40 PST 2020,Tue Feb 25 14:24:12 PST 2020,Mon Mar 16 15:24:12 PDT 2020,,,,752,0% (0/0),0% (0/0),0% (0/0),http://ec2-3-9-177-44.eu-west-2.compute.amazonaws.com/mturk,Harvard University,X,
125,33W1NHWFYHL5OUAXOPT0NFV0DRFZTU,3POY5Z28G54OUWWVXVR7KIJZO3YSY0,"Conversational Search User Study (1$ per Topic, Manually Checked)",Search about a given topic and its subtopics.,"search task, session search",$1.00,Wed Feb 19 06:03:45 PST 2020,11,BatchId:3926170;OriginalHitTemplateId:928390855;,3600,1728000,Wed Feb 26 06:03:45 PST 2020,,,3NPFYT4IZC4F1EM5T9B9GUWQLDCGXR,A3BLJ6QSDTZC9U,Approved,Wed Feb 19 07:50:09 PST 2020,Wed Feb 19 08:30:20 PST 2020,Tue Mar 10 09:30:20 PDT 2020,Tue Feb 25 14:00:35 PST 2020,,,2411,100% (1/1),100% (1/1),100% (1/1),http://ec2-3-9-177-44.eu-west-2.compute.amazonaws.com/mturk,Oxygen,X,
126,33W1NHWFYHL5OUAXOPT0NFV0DRFZTU,3POY5Z28G54OUWWVXVR7KIJZO3YSY0,"Conversational Search User Study (1$ per Topic, Manually Checked)",Search about a given topic and its subtopics.,"search task, session search",$1.00,Wed Feb 19 06:03:45 PST 2020,11,BatchId:3926170;OriginalHitTemplateId:928390855;,3600,1728000,Wed Feb 26 06:03:45 PST 2020,,,3TESA3PJ31A4ZCJNQ57VII0PA4VMMU,A20X14OMRL0YPZ,Approved,Wed Feb 19 12:26:48 PST 2020,Wed Feb 19 12:52:12 PST 2020,Tue Mar 10 13:52:12 PDT 2020,Tue Feb 25 14:00:35 PST 2020,,,1524,100% (1/1),100% (1/1),100% (1/1),http://ec2-3-9-177-44.eu-west-2.compute.amazonaws.com/mturk,Black Death,X,
127,33W1NHWFYHL5OUAXOPT0NFV0DRFZTU,3POY5Z28G54OUWWVXVR7KIJZO3YSY0,"Conversational Search User Study (1$ per Topic, Manually Checked)",Search about a given topic and its subtopics.,"search task, session search",$1.00,Wed Feb 19 06:03:45 PST 2020,11,BatchId:3926170;OriginalHitTemplateId:928390855;,3600,1728000,Wed Feb 26 06:03:45 PST 2020,,,3XC1O3LBOSMO6PRMZQ7S4JGS4Y9TLQ,A3MCGKRH5KEZR8,Approved,Wed Feb 19 06:45:28 PST 2020,Wed Feb 19 07:01:22 PST 2020,Tue Mar 10 08:01:22 PDT 2020,Tue Feb 25 14:00:35 PST 2020,,,954,100% (1/1),100% (1/1),100% (1/1),http://ec2-3-9-177-44.eu-west-2.compute.amazonaws.com/mturk,Intergovernmental Panel on Climate Change,X,
128,3R5LWXWHR08CEUOC3768RB00FX9XGM,3POY5Z28G54OUWWVXVR7KIJZO3YSY0,"Conversational Search User Study (1$ per Topic, Manually Checked)",Search about a given topic and its subtopics.,"search task, session search",$1.00,Wed Feb 19 06:03:45 PST 2020,11,BatchId:3926170;OriginalHitTemplateId:928390855;,3600,1728000,Wed Feb 26 06:03:45 PST 2020,,,30MVJZJNHMDZRKU8YZQYX42O63KJ9Z,A3C0NQ2IP5FTZQ,Approved,Wed Feb 19 07:55:19 PST 2020,Wed Feb 19 08:14:07 PST 2020,Tue Mar 10 09:14:07 PDT 2020,Tue Feb 25 14:00:35 PST 2020,,,1128,100% (1/1),100% (1/1),100% (1/1),http://ec2-3-9-177-44.eu-west-2.compute.amazonaws.com/mturk,European Union Law,X,
129,3R5LWXWHR08CEUOC3768RB00FX9XGM,3POY5Z28G54OUWWVXVR7KIJZO3YSY0,"Conversational Search User Study (1$ per Topic, Manually Checked)",Search about a given topic and its subtopics.,"search task, session search",$1.00,Wed Feb 19 06:03:45 PST 2020,11,BatchId:3926170;OriginalHitTemplateId:928390855;,3600,1728000,Wed Feb 26 06:03:45 PST 2020,,,33SA9F9TRXU2S0LOD9PZE8X7ZVREWF,A31XNLA9REVGXL,Approved,Wed Feb 19 06:07:06 PST 2020,Wed Feb 19 07:02:05 PST 2020,Tue Mar 10 08:02:05 PDT 2020,Tue Feb 25 14:00:35 PST 2020,,,3299,100% (1/1),100% (1/1),100% (1/1),http://ec2-3-9-177-44.eu-west-2.compute.amazonaws.com/mturk,Normans,X,
130,3R5LWXWHR08CEUOC3768RB00FX9XGM,3POY5Z28G54OUWWVXVR7KIJZO3YSY0,"Conversational Search User Study (1$ per Topic, Manually Checked)",Search about a given topic and its subtopics.,"search task, session search",$1.00,Wed Feb 19 06:03:45 PST 2020,11,BatchId:3926170;OriginalHitTemplateId:928390855;,3600,1728000,Wed Feb 26 06:03:45 PST 2020,,,34Q075JO1XDA09QR8E1Z0T599IK01U,A2AMQX0BQZXG9N,Approved,Wed Feb 19 06:38:16 PST 2020,Wed Feb 19 07:08:18 PST 2020,Tue Mar 10 08:08:18 PDT 2020,Tue Feb 25 14:00:35 PST 2020,,,1802,100% (1/1),100% (1/1),100% (1/1),http://ec2-3-9-177-44.eu-west-2.compute.amazonaws.com/mturk,Normans,X,
131,3R5LWXWHR08CEUOC3768RB00FX9XGM,3POY5Z28G54OUWWVXVR7KIJZO3YSY0,"Conversational Search User Study (1$ per Topic, Manually Checked)",Search about a given topic and its subtopics.,"search task, session search",$1.00,Wed Feb 19 06:03:45 PST 2020,11,BatchId:3926170;OriginalHitTemplateId:928390855;,3600,1728000,Wed Feb 26 06:03:45 PST 2020,,,3H0W84IWBK2XK442EFFTR9PQ7GBREO,A30RAYNDOWQ61S,Approved,Wed Feb 19 07:39:01 PST 2020,Wed Feb 19 08:27:33 PST 2020,Tue Mar 10 09:27:33 PDT 2020,Tue Feb 25 14:00:36 PST 2020,,,2912,100% (1/1),100% (1/1),100% (1/1),http://ec2-3-9-177-44.eu-west-2.compute.amazonaws.com/mturk,Private Schools,X,
132,3R5LWXWHR08CEUOC3768RB00FX9XGM,3POY5Z28G54OUWWVXVR7KIJZO3YSY0,"Conversational Search User Study (1$ per Topic, Manually Checked)",Search about a given topic and its subtopics.,"search task, session search",$1.00,Wed Feb 19 06:03:45 PST 2020,11,BatchId:3926170;OriginalHitTemplateId:928390855;,3600,1728000,Wed Feb 26 06:03:45 PST 2020,,,3LO69W1SU3DK1K5GFQ8L5013E5OLGY,A2N9U74YIPDQ9F,Approved,Wed Feb 19 07:04:53 PST 2020,Wed Feb 19 07:23:16 PST 2020,Tue Mar 10 08:23:16 PDT 2020,Tue Feb 25 14:00:36 PST 2020,,,1103,100% (1/1),100% (1/1),100% (1/1),http://ec2-3-9-177-44.eu-west-2.compute.amazonaws.com/mturk,Immune System,X,
133,3R5LWXWHR08CEUOC3768RB00FX9XGM,3POY5Z28G54OUWWVXVR7KIJZO3YSY0,"Conversational Search User Study (1$ per Topic, Manually Checked)",Search about a given topic and its subtopics.,"search task, session search",$1.00,Wed Feb 19 06:03:45 PST 2020,11,BatchId:3926170;OriginalHitTemplateId:928390855;,3600,1728000,Wed Feb 26 06:03:45 PST 2020,,,3NGI5ARFTT5DOQUBPZGPFU6HHSY1P8,AX3EXSGDXF9ZJ,Approved,Wed Feb 19 08:44:50 PST 2020,Wed Feb 19 09:38:56 PST 2020,Tue Mar 10 10:38:56 PDT 2020,Tue Feb 25 14:00:36 PST 2020,,,3246,100% (1/1),100% (1/1),100% (1/1),http://ec2-3-9-177-44.eu-west-2.compute.amazonaws.com/mturk,European Union Law,X,
134,3R5LWXWHR08CEUOC3768RB00FX9XGM,3POY5Z28G54OUWWVXVR7KIJZO3YSY0,"Conversational Search User Study (1$ per Topic, Manually Checked)",Search about a given topic and its subtopics.,"search task, session search",$1.00,Wed Feb 19 06:03:45 PST 2020,11,BatchId:3926170;OriginalHitTemplateId:928390855;,3600,1728000,Wed Feb 26 06:03:45 PST 2020,,,3OUYGIZWR7YDH19TTGCP1PN7CXDP08,A1PTH9KTRO06EG,Approved,Wed Feb 19 06:07:06 PST 2020,Wed Feb 19 06:27:31 PST 2020,Tue Mar 10 07:27:31 PDT 2020,Tue Feb 25 14:00:36 PST 2020,,,1225,100% (10/10),100% (10/10),100% (10/10),http://ec2-3-9-177-44.eu-west-2.compute.amazonaws.com/mturk,Black Death,X,
135,3R5LWXWHR08CEUOC3768RB00FX9XGM,3POY5Z28G54OUWWVXVR7KIJZO3YSY0,"Conversational Search User Study (1$ per Topic, Manually Checked)",Search about a given topic and its subtopics.,"search task, session search",$1.00,Wed Feb 19 06:03:45 PST 2020,11,BatchId:3926170;OriginalHitTemplateId:928390855;,3600,1728000,Wed Feb 26 06:03:45 PST 2020,,,3R6P78PK7KB8KXDLOZACRRBK8HNGT7,A38LEVBZ3P5F6T,Approved,Wed Feb 19 06:20:52 PST 2020,Wed Feb 19 06:48:28 PST 2020,Tue Mar 10 07:48:28 PDT 2020,Tue Feb 25 14:00:36 PST 2020,,,1656,100% (1/1),100% (1/1),100% (1/1),http://ec2-3-9-177-44.eu-west-2.compute.amazonaws.com/mturk,Private Schools,X,
136,3R5LWXWHR08CEUOC3768RB00FX9XGM,3POY5Z28G54OUWWVXVR7KIJZO3YSY0,"Conversational Search User Study (1$ per Topic, Manually Checked)",Search about a given topic and its subtopics.,"search task, session search",$1.00,Wed Feb 19 06:03:45 PST 2020,11,BatchId:3926170;OriginalHitTemplateId:928390855;,3600,1728000,Wed Feb 26 06:03:45 PST 2020,,,3VW6495TLJ04NAXFSBJH68A3UKMYYF,A28LJ6540DSBSQ,Submitted,Tue Feb 25 19:43:14 PST 2020,Tue Feb 25 19:56:21 PST 2020,Mon Mar 16 20:56:21 PDT 2020,,,,787,0% (0/0),0% (0/0),0% (0/0),http://ec2-3-9-177-44.eu-west-2.compute.amazonaws.com/mturk,Oxygen,X,
137,3R5LWXWHR08CEUOC3768RB00FX9XGM,3POY5Z28G54OUWWVXVR7KIJZO3YSY0,"Conversational Search User Study (1$ per Topic, Manually Checked)",Search about a given topic and its subtopics.,"search task, session search",$1.00,Wed Feb 19 06:03:45 PST 2020,11,BatchId:3926170;OriginalHitTemplateId:928390855;,3600,1728000,Wed Feb 26 06:03:45 PST 2020,,,3Y4W8Q93LZKKL57JR49JMOW8SBAVDH,AG6WV3WODQ7IN,Rejected,Wed Feb 19 07:06:06 PST 2020,Wed Feb 19 07:34:58 PST 2020,Tue Mar 10 08:34:58 PDT 2020,,Tue Feb 25 14:00:36 PST 2020,X,1732,0% (0/1),0% (0/1),0% (0/1),http://ec2-3-9-177-44.eu-west-2.compute.amazonaws.com/mturk,Amazon Rainforest,,X
138,3R5LWXWHR08CEUOC3768RB00FX9XGM,3POY5Z28G54OUWWVXVR7KIJZO3YSY0,"Conversational Search User Study (1$ per Topic, Manually Checked)",Search about a given topic and its subtopics.,"search task, session search",$1.00,Wed Feb 19 06:03:45 PST 2020,11,BatchId:3926170;OriginalHitTemplateId:928390855;,3600,1728000,Wed Feb 26 06:03:45 PST 2020,,,3Z2R0DQ0JHEGGKNHZP0SQ1HIVOWE2X,A105ZUIAGMN8SW,Approved,Wed Feb 19 06:06:14 PST 2020,Wed Feb 19 06:11:29 PST 2020,Tue Mar 10 07:11:29 PDT 2020,Tue Feb 25 14:00:36 PST 2020,,,315,100% (1/1),100% (1/1),100% (1/1),http://ec2-3-9-177-44.eu-west-2.compute.amazonaws.com/mturk,Amazon Rainforest,X,
